#,I / O,FOB,FOB_newpairs,Serial Number,Re-pairing status,OK,Notes
000,_In,000_In,,150000005AA8C921,,x,Working 
000,_Out,000_Out,,9D0000005ABCCC21,,x,Working 
001,_In,001_In,,820000005ACC3C21,,x,needs re-pairing
001,_Out,001_Out,,840000005AC5D821,,x,needs re-pairing
002,_In,002_In,,A50000005AB5E021,,x,Working 
002,_Out,002_Out,,A40000005AA2A321,,x,Working 
003,_In,003_In,,DD0000005ACB4521,,x,Working 
003,_Out,003_Out,,560000005AA80D21,,x,Working 
004,_In,004_In,N01_In,560000005ACC7421,re-paired with 658_in,x,Working 
004,_Out,004_Out,,370000005AA45F21,,,Not working
005,_In,005_In,,5A0000005AB02621,,x,needs re-pairing
005,_Out,005_Out,,FE0000005AC75621,,x,needs re-pairing
006,_In,006_In,,980000005AB2F121,,x,Working 
006,_Out,006_Out,,1A0000005AAC5121,,x,Working 
007,_In,007_In,N02_In,D80000005AA9C921,re-paired with 167_out,x,Working 
007,_Out,007_Out,,970000005AB77021,,,Not working
008,_In,008_In,,780000005AA3BE21,,x,Working 
008,_Out,008_Out,,EB0000005ABD0321,,x,Working 
009,_In,009_In,,D10000005ABCF421,,x,Working 
009,_Out,009_Out,,F60000005AAED621,,x,Working 
010,_In,010_In,,BD0000005AB88121,,x,Working 
010,_Out,010_Out,,490000005AC1A521,,x,Working 
011,_In,011_In,,C10000005AA88121,,x,Working 
011,_Out,011_Out,,6F0000005AC38B21,,x,Working 
012,_In,012_In,,6F0000005AC1B921,,x,needs re-pairing
012,_Out,012_Out,,970000005AC86321,,x,needs re-pairing
013,_In,013_In,,DC0000005ACFA421,,x,Working 
013,_Out,013_Out,,A60000005AC6C921,,x,Working 
014,_In,014_In,,110000005ABB4D21,,x,Working 
014,_Out,014_Out,,8D0000005ACDD921,,x,Working 
015,_In,015_In,,4C0000005AC9CE21,,x,Working 
015,_Out,015_Out,,990000005ABFC121,,x,Working 
016,_In,016_In,,DD0000005AA28921,,x,Working 
016,_Out,016_Out,,780000005AA85D21,,x,Working 
017,_In,017_In,,3D0000005A9E7821,,x,Working
017,_Out,017_Out,,E80000005AA0A921,,x,Working 
018,_In,018_In,,420000005ACB8521,,x,Working 
018,_Out,018_Out,,AB0000005AC8B821,,x,Working 
019,_In,019_In,,910000005AAD3621,,x,Working 
019,_Out,019_Out,,8D0000005AA24321,,x,Working 
020,_In,020_In,,D30000005AAF4521,,x,Working 
020,_Out,020_Out,,A30000005ACFBB21,,x,Working 
021,_In,021_In,,5A0000005AB21421,,x,needs re-pairing
021,_Out,021_Out,,830000005AC22721,,x,needs re-pairing
022,_In,022_In,,8A0000005ACD6921,,x,Working 
022,_Out,022_Out,,AD0000005AB81921,,x,Working 
023,_In,023_In,,AF0000005AA99A21,re-paired,x,Working 
023,_Out,023_Out,,CA0000005AB01A21,re-paired,x,Working 
024,_In,024_In,,550000005AA05321,,x,Working 
024,_Out,024_Out,,340000005AB13D21,,x,Working 
025,_In,025_In,,380000005AB53321,,,Never returned to us 
025,_Out,025_Out,,6E0000005AA66E21,,,Never returned to us 
026,_In,026_In,,EB0000005AB28421,,x,needs re-pairing
026,_Out,026_Out,,530000005AA8AE21,,x,needs re-pairing
027,_In,027_In,,CB0000005AB2AD21,,x,Working 
027,_Out,027_Out,,BA0000005A9D4721,,x,Working 
028,_In,028_In,,880000005A9CFC21,,x,Working; minimal chewing
028,_Out,028_Out,,640000005ACCD621,,x,Working 
029,_In,029_In,,160000005AAF1021,,x,Working 
029,_Out,029_Out,,E00000005AB51121,,x,Working 
030,_In,030_In,,4F0000005AB9CC21,,x,Working 
030,_Out,030_Out,,9A0000005ACABE21,,x,Working 
031,_In,031_In,,2C0000005AB0F021,,,Not working; dead battery but recognized
031,_Out,031_Out,N13_In,B50000005ACF1621,re-paired with 629_out,x,Working 
032,_In,032_In,,F60000005ACFD221,,x,Working 
032,_Out,032_Out,,AE0000005AA0CE21,,x,Working 
033,_In,033_In,,0C0000005ACDF821,,x,Working; nearly chewed apart
033,_Out,033_Out,,A90000005ACFE421,,x,Working 
034,_In,034_In,,DA0000005AA65D21,,x,Working 
034,_Out,034_Out,,F20000005AA63821,,x,Working 
035,_In,035_In,,830000005AC33E21,,x,Working 
035,_Out,035_Out,,B90000005ACD4E21,,x,Working 
036,_In,036_In,,A20000005AD12921,,x,Working; pretty chewed
036,_Out,036_Out,,FF0000005AB9D921,,x,Working 
037,_In,037_In,,D50000005AA2C521,,x,Working 
037,_Out,037_Out,,200000005AC11721,,x,Working 
038,_In,038_In,,4A0000005ACBC921,,x,Working; minimal chewing 
038,_Out,038_Out,,F90000005AC97821,,x,Working 
039,_In,039_In,,F10000005AA6AE21,,x,Working 
039,_Out,039_Out,,360000005ABFB021,,x,Working 
040,_In,040_In,,1C0000005AB61721,,x,Working 
040,_Out,040_Out,,DD0000005AA0BB21,,x,Working 
041,_In,041_In,,DF0000005AA86021,,x,Working 
041,_Out,041_Out,,820000005ABF8321,,x,Working 
042,_In,042_In,,0E0000005AB69C21,,x,Working 
042,_Out,042_Out,,2C0000005ABD4521,,x,Working 
043,_In,043_In,,1D0000005ACCFC21,,x,Working 
043,_Out,043_Out,,320000005AA5E521,,x,Working 
044,_In,044_In,,DE0000005AC54D21,,x,"Working, white label coming off labeled with sharpie"
044,_Out,044_Out,,B00000005AA30421,,x,"Working, white label coming off labeled with sharpie"
045,_In,045_In,,DF0000005AAC0421,,x,Working 
045,_Out,045_Out,,B00000005AC8FA21,,x,Working 
046,_In,046_In,,F80000005AA77E21,,x,needs re-pairing
046,_Out,046_Out,,610000005ABED321,,x,needs re-pairing
047,_In,047_In,,4C0000005AB2B921,,x,Working 
047,_Out,047_Out,,ED0000005AAAF021,,x,Working 
048,_In,048_In,,E20000005ABFF821,,x,needs re-pairing
048,_Out,048_Out,,760000005ACE6F21,,x,needs re-pairing
049,_In,049_In,,C00000005AA2FE21,,x,Working 
049,_Out,049_Out,,2C0000005A9D4E21,,x,Working 
050,_In,050_In,,310000005AACA221,,x,Working 
050,_Out,050_Out,,230000005ACE0621,,x,Working 
051,_In,051_In,,340000005ABBC721,,x,Working 
051,_Out,051_Out,,360000005AB20521,,x,Working 
052,_In,052_In,,5F0000005ABE1B21,,x,Working; white label coming off labeled with sharpie 
052,_Out,052_Out,,9A0000005AADEC21,,x,Working 
053,_In,053_In,,750000005A9F7F21,,x,Working 
053,_Out,053_Out,,E30000005AA9A221,,x,Working 
054,_In,054_In,,280000005ACEDC21,,x,Working 
054,_Out,054_Out,,0E0000005AC37521,,x,Working 
055,_In,055_In,,A50000005AC11021,,x,Working 
055,_Out,055_Out,,9E0000005ABA0C21,,x,Working 
056,_In,056_In,,C10000005ACAAE21,,x,Working 
056,_Out,056_Out,,090000005AA6A521,,x,Working 
057,_In,057_In,,940000005ABB4A21,,x,Working 
057,_Out,057_Out,,CE0000005AA96421,,x,Working 
058,_In,058_In,,1C0000005AA1D121,,x,Working 
058,_Out,058_Out,,090000005A9EEF21,,x,Working 
059,_In,059_In,,120000005AA96021,,x,Working 
059,_Out,059_Out,,4B0000005AAD0721,,x,Working 
060,_In,060_In,,070000005AA7C521,,x,Working 
060,_Out,060_Out,,040000005AB3BE21,,x,Working 
061,_In,061_In,,3B0000005AB68E21,,x,Working 
061,_Out,061_Out,,930000005AAF1721,,x,Working 
062,_In,062_In,,970000005AA4D221,,x,Working 
062,_Out,062_Out,,ED0000005AA8C221,,x,Working 
063,_In,063_In,,690000005AB11821,,x,Working 
063,_Out,063_Out,,CB0000005ACE9521,,x,Working 
064,_In,064_In,,DC0000005AAC9221,,x,Working 
064,_Out,064_Out,,470000005AA79721,,x,Working 
065,_In,065_In,,FB0000005ABD9B21,,x,Working 
065,_Out,065_Out,,070000005AAA7021,,x,Working 
066,_In,066_In,,A60000005ABE9521,,x,Working 
066,_Out,066_Out,,6E0000005AA12121,,x,Working 
067,_In,067_In,,FE0000005A9D3321,,x,Working 
067,_Out,067_Out,,420000005AA07B21,,x,Working 
068,_In,068_In,,520000005AA82B21,,x,needs re-pairing
068,_Out,068_Out,,2F0000005AD16221,,x,needs re-pairing
069,_In,069_In,,A60000005AD10F21,,x,Working 
069,_Out,069_Out,,8F0000005AAFE521,,x,Working 
070,_In,070_In,,E40000005AAA3921,,x,Working 
070,_Out,070_Out,,560000005ACD6D21,,x,Working 
071,_In,071_In,,B30000005AB45421,,x,Working 
071,_Out,071_Out,,B50000005AC85921,,x,Working 
072,_In,072_In,,420000005AB6A421,,x,Working 
072,_Out,072_Out,,F50000005AA79121,,x,Working 
073,_In,073_In,,F10000005AAD4D21,,x,Working 
073,_Out,073_Out,,6D0000005ABD9221,,x,Working 
074,_In,074_In,,D30000005ABED521,,x,Working 
074,_Out,074_Out,,2B0000005AB27221,,x,Working 
075,_In,075_In,,3D0000005AC62F21,,x,needs re-pairing
075,_Out,075_Out,,A50000005ABD2821,,x,needs re-pairing
076,_In,076_In,,010000005AA5C221,,x,Working 
076,_Out,076_Out,,6D0000005AAF2921,,x,Working 
077,_In,077_In,,8A0000005AA4A521,,x,Working 
077,_Out,077_Out,,F20000005AD0FA21,,x,Working 
078,_In,078_In,,320000005AC08521,,x,needs re-pairing
078,_Out,078_Out,,E20000005AC1F221,,x,needs re-pairing
079,_In,079_In,,060000005AB08621,,x,Working 
079,_Out,079_Out,,F50000005ACC6F21,,x,Working 
080,_In,080_In,,950000005AB30721,re-paired,x,needs re-pairing
080,_Out,080_Out,,4C0000005AB5F621,re-paired,x,needs re-pairing
081,_In,081_In,,220000005AD09421,,x,Working 
081,_Out,081_Out,,1A0000005AA6AB21,,x,Working 
082,_In,082_In,,670000005AD06521,,x,Working 
082,_Out,082_Out,,980000005AAFCD21,,x,Working 
083,_In,083_In,,110000005AAC8B21,,x,Working 
083,_Out,083_Out,,8D0000005AAEEF21,,x,Working 
084,_In,084_In,,BB0000005AC2DA21,,x,Working 
084,_Out,084_Out,,DB0000005AB11E21,,x,Working 
085,_In,085_In,,E80000005AC1AD21,,x,Working 
085,_Out,085_Out,,4C0000005AAE9C21,,x,Working 
086,_In,086_In,,BF0000005ABAA021,,x,needs re-pairing
086,_Out,086_Out,,D00000005AB81521,,x,needs re-pairing
087,_In,087_In,,240000005AB6EA21,,x,Working 
087,_Out,087_Out,,C30000005ACABD21,,x,Working 
088,_In,088_In,,8C0000005ABB9E21,,x,Working 
088,_Out,088_Out,,D40000005AC51221,,x,Working 
089,_In,089_In,,350000005AA76721,,x,Working 
089,_Out,089_Out,,FC0000005AAE8921,,x,Working 
090,_In,090_In,,4C0000005AD09621,,x,Working 
090,_Out,090_Out,,8C0000005A9EE821,,x,Working 
091,_In,091_In,,800000005AB22521,,,Not working; recognized but dead
091,_Out,091_Out,N05_In,EC0000005AAA7521,re-paired with 694_out,x,Working 
092,_In,092_In,,9C0000005AB6B321,,x,Working 
092,_Out,092_Out,,C40000005AAF6D21,,x,Working 
093,_In,093_In,,C70000005AA24E21,,x,Working 
093,_Out,093_Out,,190000005ACFF121,,x,Working 
094,_In,094_In,,0F0000005AC79421,,x,Working 
094,_Out,094_Out,,940000005AA02021,,x,Working 
095,_In,095_In,,240000005ABE2221,,x,needs re-pairing
095,_Out,095_Out,,6F0000005AD13021,,x,needs re-pairing
096,_In,096_In,,C80000005AA19921,,x,Working 
096,_Out,096_Out,,7A0000005AAB6521,,x,Working 
097,_In,097_In,,080000005ABA0521,,x,Working 
097,_Out,097_Out,,D50000005AC59721,,x,Working 
098,_In,098_In,,380000005ACC7621,,x,Working 
098,_Out,098_Out,,C90000005A9E1921,,x,Working 
099,_In,099_In,,5D0000005ACBE121,,x,Working; battery not dead but did not launch early in summer 
099,_Out,099_Out,,600000005A9D7621,,x,Working 
100,_In,100_In,,EA0000005AB8FB21,,x,Working 
100,_Out,100_Out,,FC0000005AADA221,,x,Working 
101,_In,101_In,,3E0000005ACF6821,,x,Working 
101,_Out,101_Out,,2C0000005AC51921,,x,Working 
102,_In,102_In,,390000005AAFC521,,x,Working 
102,_Out,102_Out,,CF0000005ABB5A21,,x,Working 
103,_In,103_In,,060000005ABC2A21,,x,Working 
103,_Out,103_Out,,A40000005AC84421,,x,Working 
104,_In,104_In,,900000005AA65021,,x,Working 
104,_Out,104_Out,,610000005ABDF821,,x,Working 
105,_In,105_In,,620000005AB79421,,x,Working 
105,_Out,105_Out,,F80000005ACFAB21,,x,Working 
106,_In,106_In,,B70000005ABF9121,,x,Working 
106,_Out,106_Out,,E90000005AC54C21,,x,Working 
107,_In,107_In,,800000005AB10E21,,x,Working 
107,_Out,107_Out,,D40000005A9D4521,,x,Working 
108,_In,108_In,,080000005AC63D21,,x,Working 
108,_Out,108_Out,,7E0000005AAD1521,,x,Working 
109,_In,109_In,,2A0000005AB2F721,,x,needs re-pairing
109,_Out,109_Out,,780000005AB64A21,,x,needs re-pairing
110,_In,110_In,,420000005AC51B21,,x,Working
110,_Out,110_Out,,960000005AAEAD21,,x,Working
111,_In,111_In,,610000005AB04D21,,x,Working 
111,_Out,111_Out,,8E0000005AB63821,,x,Working 
112,_In,112_In,,630000005AB43A21,,x,Working 
112,_Out,112_Out,,1B0000005AB58C21,,x,Working 
113,_In,113_In,,D40000005AB3D021,,x,Working 
113,_Out,113_Out,,C80000005ACE0321,,x,Working 
114,_In,114_In,,040000005AB94421,,x,Working 
114,_Out,114_Out,,A40000005ACF0B21,,x,Working 
115,_In,115_In,,AE0000005AAC6221,,x,Working 
115,_Out,115_Out,,B70000005AA94E21,,x,Working 
116,_In,116_In,,660000005ACEF721,,x,Working 
116,_Out,116_Out,,630000005AC1D321,,x,Working 
117,_In,117_In,,F20000005AA72121,,x,Working 
117,_Out,117_Out,,2D0000005AAE6221,,x,Working 
118,_In,118_In,,4D0000005AAF0021,,x,Working 
118,_Out,118_Out,,3D0000005AC16021,,x,Working 
119,_In,119_In,,070000005AC6C121,,x,Working 
119,_Out,119_Out,,980000005AC43321,,x,Working 
120,_In,120_In,,D20000005AADF221,,x,Working 
120,_Out,120_Out,,970000005AA7F921,,x,Working 
121,_In,121_In,,850000005AA12421,,x,Working 
121,_Out,121_Out,,580000005AC97021,,x,Working 
122,_In,122_In,,CB0000005ACF8C21,,x,Working
122,_Out,122_Out,,740000005AAF7821,,x,Working
123,_In,123_In,,5C0000005ACD3221,,x,Working
123,_Out,123_Out,,B50000005AAD3921,,x,Working
124,_In,124_In,,B60000005AAF9D21,,x,Working 
124,_Out,124_Out,,A10000005AA20021,,x,Working 
125,_In,125_In,,020000005ABE3E21,,x,Working 
125,_Out,125_Out,,7E0000005ABFAE21,,x,Working 
126,_In,126_In,,C10000005AAFCE21,,x,Working 
126,_Out,126_Out,,930000005AAC3C21,,x,Working 
127,_In,127_In,,C20000005AC2F021,,x,Working 
127,_Out,127_Out,,D00000005A9E4821,,x,Working 
128,_In,128_In,,9F0000005AC82F21,,x,Working 
128,_Out,128_Out,,270000005ABBC921,,x,Working 
129,_In,129_In,,970000005ACF2C21,,x,Working
129,_Out,129_Out,,0E0000005AB0CA21,,x,Working; minimal chewing  
130,_In,130_In,,C80000005A9F8521,,x,Working
130,_Out,130_Out,,340000005ACB5321,,x,Working
131,_In,131_In,,5F0000005AA32721,,x,Working; minimal chewing 
131,_Out,131_Out,,2E0000005AB7AC21,,x,Working 
132,_In,132_In,,7D0000005AB4DB21,,x,Working 
132,_Out,132_Out,,AC0000005ACB2321,,x,Working 
133,_In,133_In,,4C0000005ABA7121,,x,Working
133,_Out,133_Out,,8B0000005AA53921,,x,Working
134,_In,134_In,,A90000005AB92621,,x,Working 
134,_Out,134_Out,,880000005AAE4C21,,x,Working 
135,_In,135_In,,280000005AB5AB21,,x,Working 
135,_Out,135_Out,,2E0000005AC41321,,x,Working 
136,_In,136_In,,280000005AAAA521,,x,Working 
136,_Out,136_Out,,430000005AAF7921,,x,Working 
137,_In,137_In,,D70000005AC83121,,x,Working 
137,_Out,137_Out,,C60000005AB9A121,,x,Working 
138,_In,138_In,,180000005AA59321,,x,Working 
138,_Out,138_Out,,E70000005AB90D21,,x,Working 
139,_In,139_In,,F00000005ABF7321,,x,Working 
139,_Out,139_Out,,EF0000005AA33221,,x,Working 
140,_In,140_In,,180000005ACC5F21,,x,Working 
140,_Out,140_Out,,390000005ACBBC21,,x,Working 
141,_In,141_In,,7D0000005AC13221,,x,Working 
141,_Out,141_Out,,770000005ACA8E21,,x,Working 
142,_In,142_In,,7E0000005AB21B21,,x,Working 
142,_Out,142_Out,,080000005AC34021,,x,Working 
143,_In,143_In,,4B0000005AAB5121,,x,Working 
143,_Out,143_Out,,070000005ACE0921,,x,Working 
144,_In,144_In,,130000005AAFB321,,x,Working 
144,_Out,144_Out,,CF0000005ABE2721,,x,Working 
145,_In,145_In,,730000005ABC6A21,,x,Working
145,_Out,145_Out,,A20000005ACD0C21,,x,Working
146,_In,146_In,,510000005ACEF621,,x,Working
146,_Out,146_Out,,F30000005AA3C021,,x,Working
147,_In,147_In,,220000005AC56021,,x,Working 
147,_Out,147_Out,,990000005AC2E021,,x,Working 
148,_In,148_In,,1C0000005AC3FE21,,x,Working 
148,_Out,148_Out,,4A0000005AB7F121,,x,Working 
149,_In,149_In,,5C0000005AD11721,,x,Working 
149,_Out,149_Out,,4D0000005AC4FE21,,x,Working 
150,_In,150_In,,040000005AC65721,,x,Working
150,_Out,150_Out,,D90000005ABCB821,,x,Working
151,_In,151_In,,1E0000005AAB3821,,x,Working 
151,_Out,151_Out,,9D0000005ACF7321,,x,Working 
152,_In,152_In,,F80000005AB1A121,,x,Working 
152,_Out,152_Out,,0A0000005AB2DE21,,x,Working 
153,_In,153_In,,B20000005AC13821,,x,Working
153,_Out,153_Out,,0D0000005AC91921,,x,Working
154,_In,154_In,,500000005AA92121,,x,Working 
154,_Out,154_Out,,AC0000005AC2F221,,x,Working 
155,_In,155_In,,790000005A9E0C21,,x,Working
155,_Out,155_Out,,EB0000005AC44621,,x,Working
156,_In,156_In,,F70000005AC90121,,x,Working 
156,_Out,156_Out,,250000005AC5D021,,x,Working 
157,_In,157_In,,480000005ABC0121,,x,Working 
157,_Out,157_Out,,600000005ABC6421,,x,Working 
158,_In,158_In,,0A0000005AC62E21,,x,Working 
158,_Out,158_Out,,B80000005AC16721,,x,Working 
159,_In,159_In,,670000005AB16121,,x,Working 
159,_Out,159_Out,,E30000005ACEF021,,x,Working 
160,_In,160_In,,BF0000005AA79C21,re-paired,x,Working; completely chewed apart unpaired ibutton
160,_Out,160_Out,,EE0000005AA85421,re-paired,x,Working; completely chewed apart unpaired ibutton
161,_In,161_In,,B10000005A9FAF21,,x,Working
161,_Out,161_Out,,780000005ABF9B21,,x,Working
162,_In,162_In,,DE0000005AC77F21,,x,Working; partially chewed
162,_Out,162_Out,,FD0000005AB64D21,,x,Working 
163,_In,163_In,,3F0000005AC34121,,x,Working 
163,_Out,163_Out,,870000005A9E3221,,x,Working 
164,_In,164_In,,2D0000005AA58121,,x,Working 
164,_Out,164_Out,,280000005AA71021,,x,Working 
165,_In,165_In,,E80000005AAE3721,,x,needs re-pairing
165,_Out,165_Out,,DE0000005ACBD321,,x,needs re-pairing
166,_In,166_In,,E20000005AB73021,,x,Working 
166,_Out,166_Out,,000000005ACD9221,,x,Working 
167,_In,167_In,,830000005AD09C21,,,Not working; recognized but dead battery 
167,_Out,167_Out,N02_Out,D50000005AB41A21,re-paired with 007_in,x,Working 
168,_In,168_In,,320000005AB8D921,,x,Working 
168,_Out,168_Out,,910000005AA7CC21,,x,Working 
169,_In,169_In,,E30000005AB0FA21,,x,Working 
169,_Out,169_Out,,1B0000005AC40121,,x,Working 
170,_In,170_In,,750000005AC9B621,,x,Working
170,_Out,170_Out,,050000005AAD2C21,,x,Working
171,_In,171_In,,4C0000005AADB721,,x,Working 
171,_Out,171_Out,,C20000005AC69421,,x,Working 
172,_In,172_In,,F20000005AC41721,,x,Working 
172,_Out,172_Out,,950000005ABC8021,,x,Working 
173,_In,173_In,,6C0000005AA9FA21,,x,Working 
173,_Out,173_Out,,470000005AC5B821,,x,Working 
174,_In,174_In,,850000005ABD0121,,x,needs re-pairing
174,_Out,174_Out,,A20000005AB44921,,x,needs re-pairing
175,_In,175_In,,7B0000005AB7C521,,x,Working 
175,_Out,175_Out,,7C0000005ACD1B21,,x,Working 
176,_In,176_In,,8F0000005AB7A421,,x,Working
176,_Out,176_Out,,A60000005AAC2E21,,x,Working
177,_In,177_In,,E70000005ABD6921,,x,Working
177,_Out,177_Out,,EF0000005AB7DF21,,x,Working
178,_In,178_In,,510000005AA07521,,x,Working 
178,_Out,178_Out,,DF0000005ACB5621,,x,Working 
179,_In,179_In,,DE0000005AAD9821,,,Never returned to us 
179,_Out,179_Out,,6E0000005ACFA221,,,Never returned to us 
180,_In,180_In,,160000005AC3A121,,x,Working 
180,_Out,180_Out,,260000005AA8EE21,,x,Working 
181,_In,181_In,,270000005AC1A721,,x,Working 
181,_Out,181_Out,,480000005AA67221,,x,Working 
182,_In,182_In,,220000005AB95821,,x,Working at NIFA
182,_Out,182_Out,,190000005AB3C921,,x,Working at NIFA
183,_In,183_In,,3C0000005AB63E21,,x,Working 
183,_Out,183_Out,,120000005ABC9421,,x,Working 
184,_In,184_In,,9E0000005AC9B321,,x,Working 
184,_Out,184_Out,,080000005AA62021,,x,Working 
185,_In,185_In,,210000005ACC2721,,x,needs re-pairing
185,_Out,185_Out,,470000005AC4A121,,x,needs re-pairing
186,_In,186_In,,930000005ACD3821,,x,Working 
186,_Out,186_Out,,2A0000005ACFD621,,x,Working 
187,_In,187_In,,3C0000005ACE6221,,x,Working 
187,_Out,187_Out,,1A0000005AAB1E21,,x,Working 
188,_In,188_In,,410000005AA2DF21,,x,Working 
188,_Out,188_Out,,B10000005A9EB621,,x,Working 
189,_In,189_In,,C40000005AC1EE21,,x,Working 
189,_Out,189_Out,,740000005ABB9521,,x,Working 
190,_In,190_In,,0B0000005AC6AB21,,x,Working 
190,_Out,190_Out,,AF0000005ABE5C21,,x,Working 
191,_In,191_In,,1B0000005AAA8221,,x,Working 
191,_Out,191_Out,,B00000005AC12B21,,x,Working 
192,_In,192_In,,A50000005ACAF321,,x,Working 
192,_Out,192_Out,,EC0000005AAD3A21,,x,Working 
193,_In,193_In,,2B0000005AAF4E21,,x,Working 
193,_Out,193_Out,,F10000005AA92921,,x,Working 
194,_In,194_In,,910000005ACC3221,,x,Working 
194,_Out,194_Out,,770000005ABD5521,,x,Working 
195,_In,195_In,,110000005ACD8F21,,x,Working 
195,_Out,195_Out,,430000005AA0FE21,,x,Working 
196,_In,196_In,,650000005ABFEC21,,x,Working 
196,_Out,196_Out,,970000005AAF3121,,x,Working 
197,_In,197_In,,A90000005AB3DC21,,x,Working 
197,_Out,197_Out,,000000005AA8F221,,x,Working 
198,_In,198_In,,A80000005AA2C921,,x,Working 
198,_Out,198_Out,,820000005AB11D21,,x,Working 
199,_In,199_In,,9F0000005AC7A821,,,Never returned to us 
199,_Out,199_Out,,C90000005AB3A721,,,Never returned to us 
200,_In,200_In,,A10000005AC8E721,,x,Working 
200,_Out,200_Out,,050000005AB9C121,,x,Working 
201,_In,201_In,,700000005ACE5A21,,x,Working 
201,_Out,201_Out,,FD0000005AC6D921,,x,Working 
202,_In,202_In,,D10000005AA90021,,x,needs re-pairing
202,_Out,202_Out,,920000005AA01521,,x,needs re-pairing
203,_In,203_In,,0C0000005AA14921,,x,Working 
203,_Out,203_Out,,930000005ABF9E21,,x,Working 
204,_In,204_In,,780000005AB10521,,x,Working 
204,_Out,204_Out,,220000005AA32B21,,x,Working 
205,_In,205_In,,940000005ABC0521,,x,Working 
205,_Out,205_Out,,C20000005AB14F21,,x,Working 
206,_In,206_In,,7D0000005A9F3321,,x,Working 
206,_Out,206_Out,,B50000005AD01821,,x,Working 
207,_In,207_In,,FC0000005AC8C221,,x,Working 
207,_Out,207_Out,,E80000005A9D9E21,,x,Working 
208,_In,208_In,,A30000005AB5D521,,x,Working 
208,_Out,208_Out,,E30000005AC72121,,x,Working 
209,_In,209_In,,E10000005ACEE321,,x,Working 
209,_Out,209_Out,,FF0000005AAC2D21,,x,Working 
210,_In,210_In,,580000005AAA4621,,x,Working 
210,_Out,210_Out,,220000005A9D3721,,x,Working 
211,_In,211_In,,700000005ABBB321,,x,Working 
211,_Out,211_Out,,BA0000005ABE6721,,x,Working 
212,_In,212_In,,950000005AD12821,,x,Working 
212,_Out,212_Out,,170000005AA8DA21,,x,Working 
213,_In,213_In,,690000005AD10521,,x,Working 
213,_Out,213_Out,,150000005AD09521,,x,Working 
214,_In,214_In,,A90000005ACCCF21,,x,Working 
214,_Out,214_Out,,AB0000005AB3CF21,,x,Working 
215,_In,215_In,,8E0000005ABA9421,,x,Working 
215,_Out,215_Out,,980000005ACDE221,,x,Working 
216,_In,216_In,,0D0000005A9FD021,,x,Working 
216,_Out,216_Out,,850000005A9E2121,,x,Working 
217,_In,217_In,,F10000005AC82D21,,x,Working 
217,_Out,217_Out,,6C0000005AA67D21,,x,Working 
218,_In,218_In,,8F0000005AD0F621,,x,Working 
218,_Out,218_Out,,E50000005AAED821,,x,Working 
219,_In,219_In,,280000005AAFD821,,x,Working 
219,_Out,219_Out,,4F0000005ACC2521,,x,Working 
220,_In,220_In,,980000005A9F4F21,,x,Working 
220,_Out,220_Out,,3B0000005AB79721,,x,Working 
221,_In,221_In,,7C0000005AC86621,,x,Working 
221,_Out,221_Out,,310000005ABF0021,,x,Working 
222,_In,222_In,,C60000005AA0F921,,x,Working 
222,_Out,222_Out,,520000005ACD4B21,,,Battery dead
223,_In,223_In,,D40000005AB49F21,re-paired,x,Working; completely chewed apart unpaired ibutton
223,_Out,223_Out,,090000005AA1EA21,,x,Working 
224,_In,224_In,,A70000005AACAB21,,x,Working 
224,_Out,224_Out,,AA0000005AAC4421,,x,Working 
225,_In,225_In,,4A0000005AD0A321,,x,Working 
225,_Out,225_Out,,E60000005AAC7C21,,x,Working 
226,_In,226_In,,6F0000005AA6EB21,,x,Working 
226,_Out,226_Out,,0C0000005AB4BD21,,x,Working 
227,_In,227_In,,2E0000005AA25821,,x,Working 
227,_Out,227_Out,,EA0000005AA0BA21,,x,Working 
228,_In,228_In,,C80000005ABBEA21,,x,Working; minimal chewing 
228,_Out,228_Out,,890000005AB79121,,x,Working 
229,_In,229_In,,D00000005AC53421,,x,Working 
229,_Out,229_Out,,CE0000005ABBDF21,,x,Working 
230,_In,230_In,,0D0000005ACC6421,,x,Working 
230,_Out,230_Out,,280000005AC88A21,,x,Working 
231,_In,231_In,,760000005A9DDB21,,x,Working 
231,_Out,231_Out,,270000005AA0A321,,x,Working 
232,_In,232_In,,6F0000005AC5DD21,,x,Working 
232,_Out,232_Out,,C50000005ABF6121,,x,Working 
233,_In,233_In,,D30000005A9EDE21,,x,Working 
233,_Out,233_Out,,FB0000005ACF3D21,,x,Working 
234,_In,234_In,,B60000005AB85B21,,x,Working 
234,_Out,234_Out,,090000005AC93F21,,x,Working 
235,_In,235_In,,380000005AAE5921,,x,Working ; chewed about halfway through
235,_Out,235_Out,,2B0000005ABDF521,,x,Working 
236,_In,236_In,,460000005AC70F21,,x,Working ; minimal chewing 
236,_Out,236_Out,,F70000005AA91C21,,x,Working 
237,_In,237_In,,B40000005AA65F21,,x,Working 
237,_Out,237_Out,,DF0000005AA6FE21,,x,Working 
238,_In,238_In,,370000005ABD0721,,x,Working 
238,_Out,238_Out,,500000005ACF6A21,,x,Working 
239,_In,239_In,,3F0000005AC9BB21,,x,Working 
239,_Out,239_Out,,980000005ABC6F21,,x,Working 
240,_In,240_In,,640000005AC07A21,,x,Working 
240,_Out,240_Out,,E60000005ACC6121,,x,Working 
241,_In,241_In,,850000005AC30B21,,x,Working 
241,_Out,241_Out,,A50000005AC00921,,x,Working 
242,_In,242_In,,720000005A9DFD21,,x,Working 
242,_Out,242_Out,,FE0000005AB6DB21,,,Dead battery
243,_In,243_In,,6C0000005AB4C621,,x,Working 
243,_Out,243_Out,,350000005AAC8421,,x,Working 
244,_In,244_In,,7E0000005AC6EB21,,x,Working 
244,_Out,244_Out,,D20000005ACEC421,,,Dead battery
245,_In,245_In,,530000005AADD321,,x,Working 
245,_Out,245_Out,,860000005AB21021,,x,Working 
246,_In,246_In,,DC0000005AB0B721,,x,Working 
246,_Out,246_Out,,B20000005AC44521,,x,Working 
247,_In,247_In,,A00000005AAD0221,,x,Working 
247,_Out,247_Out,,980000005AB0C321,,x,Working 
248,_In,248_In,,2D0000005AB73A21,,x,Working 
248,_Out,248_Out,,350000005AC45121,,x,Working 
249,_In,249_In,,CA0000005AA94221,,x,Working 
249,_Out,249_Out,,B30000005AAF3E21,,x,Working 
250,_In,250_In,,C50000005ACFF521,,x,Working 
250,_Out,250_Out,,550000005AC70121,,x,Working 
251,_In,251_In,,120000005AAF3621,,x,Working 
251,_Out,251_Out,,CC0000005AA6F021,,x,Working 
252,_In,252_In,,100000005AA38921,,x,Working 
252,_Out,252_Out,,0E0000005AACEF21,,x,Working 
253,_In,253_In,,640000005AB2DC21,,x,needs re-pairing
253,_Out,253_Out,,6E0000005AA31321,,x,needs re-pairing
254,_In,254_In,,840000005ACF2221,,x,Working 
254,_Out,254_Out,,B50000005AD10121,,x,Working 
255,_In,255_In,,820000005ACD2521,,x,Working 
255,_Out,255_Out,,AA0000005AB8A921,,x,Working 
256,_In,256_In,,9B0000005AB60321,,x,Working 
256,_Out,256_Out,,710000005AC61721,,x,Working 
257,_In,257_In,,BD0000005AC0DD21,,x,Working 
257,_Out,257_Out,,0F0000005AB42B21,,x,Working 
258,_In,258_In,,FF0000005AA5FC21,,x,Working 
258,_Out,258_Out,,4D0000005AA19E21,,x,Working 
259,_In,259_In,,EC0000005AC6C421,,x,Working; chewed almost all the way
259,_Out,259_Out,,E80000005AC5C921,,x,Working 
260,_In,260_In,,D40000005ACDDA21,re-paired,x,Working; completely chewed apart unpaired ibutton
260,_Out,260_Out,,150000005AB6DE21,re-paired,x,Working; completely chewed apart unpaired ibutton
261,_In,261_In,,2B0000005AD05D21,,x,Working 
261,_Out,261_Out,,C30000005AC36C21,,x,Working 
262,_In,262_In,,FB0000005AC6EC21,,x,Working 
262,_Out,262_Out,,3D0000005AADD121,,x,Working 
263,_In,263_In,,350000005A9D1F21,,x,Working 
263,_Out,263_Out,,740000005AA58221,,x,Working 
264,_In,264_In,,A00000005AA1AE21,,x,Working; chewed about halfway
264,_Out,264_Out,,1B0000005AB7BE21,,x,Working 
265,_In,265_In,,B50000005AAC2021,,x,Working 
265,_Out,265_Out,,430000005AA1E721,,x,Working 
266,_In,266_In,,E90000005AB6F321,,x,Working 
266,_Out,266_Out,,C90000005ABA7621,,x,Working 
267,_In,267_In,,5B0000005AAAD021,,x,Working 
267,_Out,267_Out,,260000005ABF2821,,x,Working 
268,_In,268_In,,FF0000005AB23A21,,x,Working 
268,_Out,268_Out,,4C0000005AC33421,,x,Working 
269,_In,269_In,,900000005AAAFC21,,x,Working 
269,_Out,269_Out,,000000005AC13E21,,x,Working 
270,_In,270_In,,CD0000005AAD9621,,x,Working 
270,_Out,270_Out,,010000005A9D8821,,x,Working 
271,_In,271_In,,730000005AC89A21,re-paired,x,needs re-pairing
271,_Out,271_Out,,D30000005AAC6E21,re-paired,x,needs re-pairing
272,_In,272_In,,BA0000005AA24221,re-paired,x,Working; completely chewed apart unpaired ibutton
272,_Out,272_Out,,7A0000005AA19F21,re-paired,x,Working; completely chewed apart unpaired ibutton
273,_In,273_In,,B30000005AB77F21,,x,Working 
273,_Out,273_Out,,6B0000005AD00F21,,x,Working 
274,_In,274_In,,550000005ACDFB21,re-paired,x,Working; completely chewed apart unpaired ibutton
274,_Out,274_Out,,790000005AA56D21,re-paired,x,Working; completely chewed apart unpaired ibutton
275,_In,275_In,,D10000005AAF5621,,x,Working 
275,_Out,275_Out,,030000005AC0B121,,x,Working 
276,_In,276_In,,A70000005ABA7421,,x,Working 
276,_Out,276_Out,,FD0000005AA6C421,,x,Working 
277,_In,277_In,,DF0000005AAB4B21,,x,Working 
277,_Out,277_Out,,9F0000005ACB0421,,x,Working 
278,_In,278_In,,980000005ACEC921,,x,Working 
278,_Out,278_Out,,5F0000005AA74321,,x,Working 
279,_In,279_In,,A50000005AC57421,,x,Working 
279,_Out,279_Out,,E10000005AA34B21,,x,Working 
280,_In,280_In,,110000005ACFBD21,,x,Needs re-pairing
280,_Out,280_Out,,960000005ACC8221,,x,Needs re-pairing
281,_In,281_In,,F20000005ACB9021,,,Dead battery
281,_Out,281_Out,,2B0000005AB42421,,x,Working 
282,_In,282_In,,FC0000005AB5E321,,x,Working 
282,_Out,282_Out,,340000005AB76B21,,x,Working 
283,_In,283_In,,040000005A9F1921,,x,Working 
283,_Out,283_Out,,3A0000005AA1CD21,,x,Working 
284,_In,284_In,,8D0000005ACFEB21,,x,Working 
284,_Out,284_Out,,D50000005AC48E21,,x,Working 
285,_In,285_In,,700000005AA81121,,x,Working 
285,_Out,285_Out,,980000005AC71821,,x,Working 
286,_In,286_In,,D10000005AD15C21,,x,Working 
286,_Out,286_Out,,600000005AA61721,,x,Working 
287,_In,287_In,,370000005AC21421,,x,Working 
287,_Out,287_Out,,740000005AC93321,,x,Working 
288,_In,288_In,,000000005AA31121,,x,Working 
288,_Out,288_Out,,2D0000005AA49821,,x,Working 
289,_In,289_In,,D10000005AB14121,,x,Needs re-pairing
289,_Out,289_Out,,860000005AD03F21,,x,Needs re-pairing
290,_In,290_In,,6E0000005AC8ED21,,x,Working 
290,_Out,290_Out,,610000005ACD6C21,,x,Working 
291,_In,291_In,,B90000005AC1E221,,x,Working; minimal chewing 
291,_Out,291_Out,,B20000005ACADB21,,x,Working 
292,_In,292_In,,AF0000005AAAB121,,x,Working 
292,_Out,292_Out,,F20000005A9F6B21,,x,Working 
293,_In,293_In,,970000005AC97A21,,x,Working 
293,_Out,293_Out,,120000005AA1A821,,x,Working 
294,_In,294_In,,860000005ACD0321,,x,Working 
294,_Out,294_Out,,6D0000005AAC0221,,x,Working 
295,_In,295_In,,690000005AA95921,,x,Working; minimal chewing 
295,_Out,295_Out,,C70000005AB92421,,x,Working 
296,_In,296_In,,3F0000005AB49A21,Needs re-pairing,x,Working 
296,_Out,296_Out,,120000005AA87921,,x,Dead battery
297,_In,297_In,,580000005AD13121,,x,Working 
297,_Out,297_Out,,880000005ABFDC21,,x,Working 
298,_In,298_In,,1A0000005AA1E421,,x,Working; almost chewed apart 
298,_Out,298_Out,,3F0000005AB6A821,,x,Working 
299,_In,299_In,,090000005A9DC421,,x,Working 
299,_Out,299_Out,,AD0000005AB79E21,,x,Working 
300,_In,300_In,,A80000005AA49F21,,x,Working
300,_Out,300_Out,,DC0000005ABE2921,,x,Working
301,_In,301_In,,260000005ABC0321,,x,Working
301,_Out,301_Out,,6A0000005AA22C21,,x,Working
302,_In,302_In,,EF0000005ACF8321,,x,Working
302,_Out,302_Out,,D30000005AAB2121,,x,Working
303,_In,303_In,,B30000005AD13421,,x,Working
303,_Out,303_Out,,290000005AC4A321,,x,Working
304,_In,304_In,,900000005A9F0321,,x,Working
304,_Out,304_Out,,970000005AB20D21,,x,Working
305,_In,305_In,,3D0000005AB48921,,x,Working
305,_Out,305_Out,,490000005AB76721,,x,Working
306,_In,306_In,,760000005AA3C721,,,Not working; will not be recognized by 1-wire 
306,_Out,306_Out,N12_In,600000005AC52121,re-paired with 534_out,x,Working 
307,_In,307_In,,2F0000005AB63021,,x,Working
307,_Out,307_Out,,E20000005AD06221,,x,Working
308,_In,308_In,,9F0000005ABB9021,,x,Working
308,_Out,308_Out,,A10000005AA12B21,,x,Working
309,_In,309_In,,FD0000005A9F9721,,x,Working; almost chewed apart
309,_Out,309_Out,,A40000005ACC2021,,x,Working
310,_In,310_In,,FF0000005AB65E21,,x,Working
310,_Out,310_Out,,330000005AD08921,,x,Working
311,_In,311_In,,380000005ACF5D21,,x,Working
311,_Out,311_Out,,550000005AAFD421,,x,Working
312,_In,312_In,,0B0000005AB9B821,,x,Working
312,_Out,312_Out,,240000005AB4D821,,x,Working
313,_In,313_In,,DC0000005AC21121,,x,Working; almost chewed apart
313,_Out,313_Out,,DC0000005AB4D321,,x,Working
314,_In,314_In,,7D0000005AC30021,,x,Working; minimal chewing 
314,_Out,314_Out,,D40000005AA35921,,x,Working
315,_In,315_In,,E40000005ACC7221,,x,Working
315,_Out,315_Out,,A20000005ABFAA21,,x,Working
316,_In,316_In,,0E0000005A9E5F21,,x,Working
316,_Out,316_Out,,CC0000005AA4C221,,x,Working
317,_In,317_In,,620000005ACCE321,,x,Working
317,_Out,317_Out,,D70000005AC6AF21,,x,Working
318,_In,318_In,,0A0000005AA34E21,,x,Working
318,_Out,318_Out,,B60000005ACBE421,,x,Working
319,_In,319_In,,350000005ACD8021,,x,Working
319,_Out,319_Out,,FF0000005AA19821,,x,Working
320,_In,320_In,,760000005AB17C21,,x,Working
320,_Out,320_Out,,990000005AB70921,,x,Working
321,_In,321_In,,F50000005ABFD021,,x,Working
321,_Out,321_Out,,3E0000005AB16221,,x,Working
322,_In,322_In,,770000005ACFF321,,x,Working
322,_Out,322_Out,,8E0000005ABEF021,,x,Working
323,_In,323_In,,DD0000005ACC0A21,,x,Working
323,_Out,323_Out,,A40000005AB8D021,,x,Working
324,_In,324_In,,180000005AAA1421,re-paired,x,Working; completely chewed apart unpaired ibutton
324,_Out,324_Out,,810000005AA56621,re-paired,x,Working; completely chewed apart unpaired ibutton
325,_In,325_In,,970000005AC4CF21,,x,Working
325,_Out,325_Out,,EA0000005ACA5D21,,x,Working
326,_In,326_In,,700000005AB98121,,x,Working
326,_Out,326_Out,,520000005ABCC621,,x,Working
327,_In,327_In,,8D0000005AA8B921,,x,Working
327,_Out,327_Out,,8A0000005A9FC421,,x,Working
328,_In,328_In,,280000005ABF5121,,x,Working
328,_Out,328_Out,,A60000005ACC3321,,x,Working
329,_In,329_In,,A10000005ABE2521,,x,Working
329,_Out,329_Out,,DF0000005AC39E21,,x,Working
330,_In,330_In,,640000005AA9B621,,x,Working
330,_Out,330_Out,,C60000005AA58421,,x,Working
331,_In,331_In,,D10000005AC5B121,,x,Working
331,_Out,331_Out,,B00000005AB4C221,,x,Working
332,_In,332_In,,D30000005A9CEC21,,x,Working
332,_Out,332_Out,,4C0000005AA23021,,x,Working
333,_In,333_In,,820000005ACA6A21,,x,Working; chewed about halfway 
333,_Out,333_Out,,4D0000005AA5FA21,,x,Working
334,_In,334_In,,C30000005AAAA021,,x,Working
334,_Out,334_Out,,A30000005ABB4B21,,x,Working
335,_In,335_In,,270000005AB21821,re-paired,x,Working; completely chewed apart unpaired ibutton
335,_Out,335_Out,,CF0000005ACC8121,re-paired,x,Working; completely chewed apart unpaired ibutton
336,_In,336_In,,530000005AC16221,,x,Working
336,_Out,336_Out,,2A0000005ACAAB21,,x,Working
337,_In,337_In,,440000005ACBB021,,x,Working
337,_Out,337_Out,,A30000005AC20E21,,x,Working
338,_In,338_In,,250000005A9D8721,,x,Working
338,_Out,338_Out,,D60000005AAFE621,,x,Working
339,_In,339_In,,500000005AA7BF21,,x,Working
339,_Out,339_Out,,F30000005AB06221,,x,Working
340,_In,340_In,,250000005AA6E621,,x,Working
340,_Out,340_Out,,A70000005ABB6D21,,x,Working
341,_In,341_In,,5F0000005AA46821,,x,Working; almost half chewed 
341,_Out,341_Out,,F00000005AB92521,,x,Working
342,_In,342_In,,F80000005AC02C21,,x,Working
342,_Out,342_Out,,960000005AB1A321,,x,Working
343,_In,343_In,,110000005AB1B721,,x,Working
343,_Out,343_Out,,5B0000005ABB4021,,x,Working
344,_In,344_In,,1A0000005AC6B621,,x,Working
344,_Out,344_Out,,9C0000005A9F6921,,x,Working
345,_In,345_In,,F00000005ACDD521,,x,Working
345,_Out,345_Out,,250000005AB77621,,x,Working
346,_In,346_In,,FB0000005AB44A21,,x,Working
346,_Out,346_Out,,650000005ABA9121,,x,Working
347,_In,347_In,,F90000005ACE3721,,x,Working 
347,_Out,347_Out,,DA0000005AC9C721,,x,Working 
348,_In,348_In,,540000005AB89721,,x,Working
348,_Out,348_Out,,390000005AB69D21,,x,Working
349,_In,349_In,,A40000005AC95D21,,x,Working
349,_Out,349_Out,,880000005ACC6321,,x,Working
350,_In,350_In,,CE0000005AA87D21,,x,Working
350,_Out,350_Out,,380000005A9EDB21,,x,Working
351,_In,351_In,,620000005AAECC21,,x,Working
351,_Out,351_Out,,D40000005AB83321,,x,Working
352,_In,352_In,,160000005ACE1421,,x,Working; minimal chewing 
352,_Out,352_Out,,F30000005AAB0821,,x,Working
353,_In,353_In,,B30000005ABFB721,,x,Working; minimal chewing 
353,_Out,353_Out,,B60000005AA47E21,,x,Working
354,_In,354_In,,F00000005AA73221,,x,Working
354,_Out,354_Out,,450000005ACB3521,,x,Working
355,_In,355_In,,010000005A9FBA21,,x,Working
355,_Out,355_Out,,530000005AA9B721,,x,Working
356,_In,356_In,,EC0000005AC94321,,x,Working
356,_Out,356_Out,,F30000005ACC5A21,,x,Working
357,_In,357_In,,250000005AAF3721,,x,Working
357,_Out,357_Out,,670000005AC3C721,,x,Working
358,_In,358_In,,BA0000005AC63B21,,x,Working
358,_Out,358_Out,,6B0000005AC95721,,x,Working
359,_In,359_In,,4B0000005AA39921,,x,Working
359,_Out,359_Out,,F40000005AA98A21,,x,Working
360,_In,360_In,,C50000005AB0E621,,x,Working
360,_Out,360_Out,,430000005AB8BF21,,x,Working
361,_In,361_In,,9F0000005AC1FE21,,x,Working
361,_Out,361_Out,,1E0000005AB89A21,,x,Working
362,_In,362_In,,BE0000005AA52B21,,x,Working; minimal chewing 
362,_Out,362_Out,,340000005AB9F521,,x,Working
363,_In,363_In,,110000005A9E3B21,,x,Working
363,_Out,363_Out,,330000005AA75221,,x,Working
364,_In,364_In,,BD0000005AB53421,,x,Working
364,_Out,364_Out,,440000005A9E5221,,x,Working
365,_In,365_In,,670000005AC2DE21,,x,Working
365,_Out,365_Out,,340000005AAB4E21,,x,Working
366,_In,366_In,,730000005AA99E21,,x,Working
366,_Out,366_Out,,EE0000005AB9C421,,x,Working
367,_In,367_In,,6B0000005ABF9521,,x,Working
367,_Out,367_Out,,870000005AB6F121,,x,Working
368,_In,368_In,,230000005A9DB221,,x,Working
368,_Out,368_Out,,1E0000005ACF4121,,x,Working
369,_In,369_In,,C90000005ACE8621,,x,Working
369,_Out,369_Out,,BE0000005ABB3C21,,x,Working
370,_In,370_In,,470000005ABDE421,,x,Working
370,_Out,370_Out,,130000005A9D0321,,x,Working
371,_In,371_In,,BC0000005AA70A21,,x,Working
371,_Out,371_Out,,760000005ABB8621,,x,Working
372,_In,372_In,,DB0000005AC5EE21,,x,Working
372,_Out,372_Out,,AD0000005ACBA621,,x,Working
373,_In,373_In,,6F0000005AC0A021,re-paired,x,Working; completely chewed apart unpaired ibutton
373,_Out,373_Out,,770000005ABF6721,re-paired,x,Working; completely chewed apart unpaired ibutton
374,_In,374_In,,C70000005ACA9B21,,x,Working
374,_Out,374_Out,,B90000005ABCC321,,x,Working
375,_In,375_In,,060000005AA9DE21,,x,Working
375,_Out,375_Out,,750000005AB3D821,,x,Working
376,_In,376_In,,0C0000005AB1C021,,x,Working
376,_Out,376_Out,,A00000005ACE3421,,x,Working
377,_In,377_In,,390000005ACAA521,,x,Working
377,_Out,377_Out,,970000005AAA4C21,,x,Working
378,_In,378_In,,920000005AA22721,,x,Working
378,_Out,378_Out,,0F0000005AAD7321,,x,Working
379,_In,379_In,,4F0000005ACD3C21,,x,Working
379,_Out,379_Out,,100000005AAD1721,,x,Working
380,_In,380_In,,A80000005AC7A921,,x,Working
380,_Out,380_Out,,E80000005AB76F21,,x,Working
381,_In,381_In,,5B0000005AC12E21,,x,Working
381,_Out,381_Out,,D10000005AD04521,,x,Working
382,_In,382_In,,750000005AB1EA21,,x,Working
382,_Out,382_Out,,360000005AC97221,,x,Working
383,_In,383_In,,BD0000005AAC6C21,,x,Working
383,_Out,383_Out,,C90000005AA00521,,x,Working
384,_In,384_In,,0C0000005AAAAA21,,x,Working
384,_Out,384_Out,,F30000005AA2D921,,x,Working
385,_In,385_In,,640000005AB59321,,x,Working
385,_Out,385_Out,,790000005AC11421,,x,Working
386,_In,386_In,,670000005A9EED21,,x,Working
386,_Out,386_Out,,1B0000005ABD4421,,x,Working
387,_In,387_In,,AE0000005AC81B21,,x,Working; half chewed 
387,_Out,387_Out,,AC0000005AC78F21,,x,Working
388,_In,388_In,,C40000005AAC4621,,x,Working
388,_Out,388_Out,,E60000005ABCF521,,x,Working
389,_In,389_In,,540000005ACD7E21,,x,Working
389,_Out,389_Out,,690000005AAA7221,,x,Working
390,_In,390_In,,6E0000005AB1A821,,x,Working
390,_Out,390_Out,,E80000005AA6FF21,,x,Working
391,_In,391_In,,EF0000005AD08D21,,x,Working
391,_Out,391_Out,,490000005AB8E021,,x,Working
392,_In,392_In,,E70000005ABA2621,,x,Working
392,_Out,392_Out,,280000005AB90721,,x,Working
393,_In,393_In,,E30000005AB58721,,x,Working; almost chewed apart 
393,_Out,393_Out,,F40000005AB81A21,,x,Working
394,_In,394_In,,570000005AB5B421,,x,Working
394,_Out,394_Out,,3D0000005AD0F021,,x,Working
395,_In,395_In,,E90000005ABA5F21,,x,Working
395,_Out,395_Out,,510000005ACB8B21,,x,Working
396,_In,396_In,,B80000005AC62821,,x,Working
396,_Out,396_Out,,B30000005AB8F821,,x,Working
397,_In,397_In,,D90000005AC08021,,x,Working
397,_Out,397_Out,,BE0000005AC15221,,x,Working
398,_In,398_In,,050000005AC5F921,,x,Working
398,_Out,398_Out,,0B0000005AAE7E21,,x,Working
399,_In,399_In,,050000005AC84C21,,x,Working
399,_Out,399_Out,,E40000005ACE4021,,x,Working
400,_In,400_In,,AF0000005AC98721,,x,Working
400,_Out,400_Out,,930000005A9F9521,,x,Working
401,_In,401_In,,120000005AB8F021,,x,Working
401,_Out,401_Out,,670000005ACF6B21,,x,Working
402,_In,402_In,,090000005AAF7421,re-paired,x,Working; minimal chewing
402,_Out,402_Out,,290000005ACB2421,re-paired,x,Working
403,_In,403_In,,D90000005AC6D621,,x,Working
403,_Out,403_Out,,7F0000005AA8ED21,,x,Working
404,_In,404_In,,740000005AB50B21,,x,Working; minimal chewing 
404,_Out,404_Out,,E50000005ACDEE21,,x,Working
405,_In,405_In,,050000005ACC2821,,x,Working
405,_Out,405_Out,,D90000005AC19921,,x,Working
406,_In,406_In,,AE0000005ACC7F21,re-paired,x,Working; chewed apart
406,_Out,406_Out,,BB0000005AD06121,re-paired,x,Working; chewed apart
407,_In,407_In,,740000005ABA8C21,,x,Working
407,_Out,407_Out,,C70000005AAA8621,,x,Working
408,_In,408_In,,040000005AB6C321,,x,Working
408,_Out,408_Out,,C20000005ABEC821,,x,Working
409,_In,409_In,,830000005ABA7B21,,x,Working
409,_Out,409_Out,,020000005AB6F621,,x,Working
410,_In,410_In,,100000005ABC8721,,,Never returned to us 
410,_Out,410_Out,,4A0000005ABC1221,,,Never returned to us 
411,_In,411_In,,260000005ABE3121,,x,Working; chewed apart
411,_Out,411_Out,,890000005ACFCD21,,x,Working; chewed apart
412,_In,412_In,,2E0000005ACDC221,,x,needs re-pairing
412,_Out,412_Out,,5A0000005ABFA121,,x,needs re-pairing
413,_In,413_In,,220000005ACBFE21,,x,needs re-pairing
413,_Out,413_Out,,2A0000005ABE5B21,,x,needs re-pairing
414,_In,414_In,,E40000005ABED421,,x,Working
414,_Out,414_Out,,0F0000005A9FC321,,x,Working
415,_In,415_In,,A30000005ABF2F21,,x,needs re-pairing
415,_Out,415_Out,,D50000005ABCD221,,x,needs re-pairing
416,_In,416_In,,AB0000005AADD821,,x,Working
416,_Out,416_Out,,A60000005AA84A21,,x,Working
417,_In,417_In,,280000005AA37421,,x,Working; minimal chewing 
417,_Out,417_Out,,400000005ABD5421,,x,Working
418,_In,418_In,,CE0000005AA7FA21,,x,Working
418,_Out,418_Out,,920000005AADA021,,x,Working
419,_In,419_In,,520000005A9FE621,,x,Working
419,_Out,419_Out,,C40000005ACE6921,,x,Working
420,_In,420_In,,510000005AA50821,,x,Working
420,_Out,420_Out,,6C0000005AB86A21,,x,Working
421,_In,421_In,,400000005ACA8F21,,x,Working
421,_Out,421_Out,,EF0000005AC00421,,x,Working
422,_In,422_In,,C20000005AA79021,,x,Working
422,_Out,422_Out,,670000005AB41C21,,x,Working
423,_In,423_In,,7F0000005ABB4F21,,x,Working
423,_Out,423_Out,,C40000005AC6A121,,x,Working
424,_In,424_In,,A90000005AA73121,,x,Working
424,_Out,424_Out,,960000005AB28821,,x,Working
425,_In,425_In,,410000005AB9B521,,x,Working
425,_Out,425_Out,,300000005ABBE121,,x,Working
426,_In,426_In,,E40000005AAF4421,,x,Working
426,_Out,426_Out,,750000005AB49721,,x,Working
427,_In,427_In,,2F0000005AB25421,,x,Working
427,_Out,427_Out,,C40000005AA0EA21,,x,Working
428,_In,428_In,,620000005AD0C621,,x,Working
428,_Out,428_Out,,300000005AC7D921,,x,Working
429,_In,429_In,,D60000005AA63721,,x,Working
429,_Out,429_Out,,590000005AA31221,,x,Working
430,_In,430_In,,F70000005A9DFA21,,x,Working
430,_Out,430_Out,,BD0000005AAA3A21,,x,Working
431,_In,431_In,,9E0000005AA07F21,,x,Working
431,_Out,431_Out,,780000005A9DA221,,x,Working
432,_In,432_In,,950000005ABFAB21,,x,Working
432,_Out,432_Out,,D90000005AB10D21,,x,Working
433,_In,433_In,,690000005AC3BE21,,x,Working
433,_Out,433_Out,,E50000005ABA3521,,x,Working
434,_In,434_In,,270000005A9FA621,,x,needs re-pairing
434,_Out,434_Out,,C00000005AB15C21,,x,needs re-pairing
435,_In,435_In,,290000005AA5A721,,x,Working
435,_Out,435_Out,,3B0000005ACED221,,x,Working
436,_In,436_In,,E60000005AA0D021,,x,Working
436,_Out,436_Out,,410000005AA3C621,,x,Working
437,_In,437_In,,440000005AB69121,,x,Working
437,_Out,437_Out,,B20000005AAEA221,,x,Working
438,_In,438_In,,B90000005AAC4A21,,x,Working
438,_Out,438_Out,,120000005ABFBF21,,x,Working
439,_In,439_In,,2E0000005AB59E21,,x,Working
439,_Out,439_Out,,6B0000005AA6CD21,,x,Working
440,_In,440_In,,720000005ABDF621,,x,Working
440,_Out,440_Out,,DA0000005AC33D21,,x,Working
441,_In,441_In,,A70000005AA74821,,x,Working; minimal chewing 
441,_Out,441_Out,,AE0000005AB70821,,x,Working
442,_In,442_In,,FB0000005AA6F121,,x,Working
442,_Out,442_Out,,0E0000005AA04321,,x,Working
443,_In,443_In,,D20000005AC89221,,x,Working
443,_Out,443_Out,,BE0000005AC99A21,,x,Working
444,_In,444_In,,ED0000005A9E1621,,x,Working
444,_Out,444_Out,,AF0000005AC37D21,,x,Working
445,_In,445_In,,0C0000005AA89821,,x,Working
445,_Out,445_Out,,E70000005AC70721,,x,Working
446,_In,446_In,,0C0000005ABC7521,,x,Working
446,_Out,446_Out,,580000005ACB4221,,x,Working
447,_In,447_In,,B60000005AA33121,,x,Working; chewed apart
447,_Out,447_Out,,D60000005AB3C321,,x,Working; chewed apart
448,_In,448_In,,1C0000005A9ED421,,,Never returned to us 
448,_Out,448_Out,,D30000005AA80A21,,,Never returned to us 
449,_In,449_In,,AE0000005AD05A21,,x,Working
449,_Out,449_Out,,6E0000005ABC1D21,,x,Working
450,_In,450_In,,540000005AC80321,,x,Working
450,_Out,450_Out,,B60000005ABB7021,,x,Working
451,_In,451_In,,F90000005AC5D421,,x,Working
451,_Out,451_Out,,A80000005AA58621,,x,Working
452,_In,452_In,,5C0000005AA3B121,,x,Working; almost halfway chewed 
452,_Out,452_Out,,F60000005AD0DC21,,x,Working
453,_In,453_In,,610000005AAF4321,,x,Working
453,_Out,453_Out,,AF0000005ABC6E21,,x,Working
454,_In,454_In,,140000005AC94821,,x,Working
454,_Out,454_Out,,720000005AC90621,,x,Working
455,_In,455_In,,EE0000005AD00821,,x,Working
455,_Out,455_Out,,560000005AA1DC21,,x,Working
456,_In,456_In,,8D0000005AB1E121,,x,Working
456,_Out,456_Out,,790000005ACF8A21,,x,Working
457,_In,457_In,,990000005AAB2C21,,x,Working
457,_Out,457_Out,,CC0000005AC87321,,x,Working
458,_In,458_In,,820000005AC94121,,x,Working
458,_Out,458_Out,,0B0000005A9DD721,,x,Working
459,_In,459_In,,FB0000005AA4C321,,x,Working; minimal chewing 
459,_Out,459_Out,,A20000005AA5D921,,x,Working
460,_In,460_In,,940000005ACEA321,,x,Working
460,_Out,460_Out,,290000005AA81221,,x,Working
461,_In,461_In,,040000005AAAE621,,x,Working
461,_Out,461_Out,,590000005AC13D21,,x,Working
462,_In,462_In,,3B0000005AC42821,,x,Working
462,_Out,462_Out,,950000005AA7EA21,,x,Working
463,_In,463_In,,E10000005ACDC821,,x,Working
463,_Out,463_Out,,DB0000005ABBE421,,x,Working
464,_In,464_In,,0A0000005AA9B421,,x,Working
464,_Out,464_Out,,270000005ACF3921,,x,Working
465,_In,465_In,,0D0000005A9EC921,,x,Working
465,_Out,465_Out,,A60000005AC94E21,,x,Working
466,_In,466_In,,9A0000005AB79F21,,x,Working
466,_Out,466_Out,,520000005AB40E21,,x,Working
467,_In,467_In,,F30000005AC2C421,,x,Working
467,_Out,467_Out,,0D0000005AB98D21,,x,Working
468,_In,468_In,,620000005AC36421,,x,Working
468,_Out,468_Out,,DB0000005AB65121,,x,Working
469,_In,469_In,,C90000005AC75721,,x,Working
469,_Out,469_Out,,C60000005AA1E021,,x,Working
470,_In,470_In,,2A0000005AB5B821,,x,Working
470,_Out,470_Out,,FA0000005ABA5121,,x,Working
471,_In,471_In,,6F0000005AA4D921,,x,Working
471,_Out,471_Out,,790000005AA64621,,x,Working
472,_In,472_In,,460000005AA52021,,x,Working
472,_Out,472_Out,,7C0000005AC4CA21,,x,Working; minimal chewing 
473,_In,473_In,,360000005ACE3D21,,x,Working
473,_Out,473_Out,,890000005AA05721,,x,Working
474,_In,474_In,,740000005ABFF121,,x,Working; minimal chewing 
474,_Out,474_Out,,860000005AC5CB21,,x,Working
475,_In,475_In,,390000005ABB2821,,x,Working
475,_Out,475_Out,,980000005AC05721,,x,Working
476,_In,476_In,,940000005AAEBE21,,x,Working
476,_Out,476_Out,,CB0000005AB3B421,,x,Working
477,_In,477_In,,4F0000005AC5F421,,x,Working
477,_Out,477_Out,,210000005ACD3E21,,x,Working
478,_In,478_In,,370000005ACEB821,,x,Working
478,_Out,478_Out,,920000005AACB921,,x,Working
479,_In,479_In,,150000005AA00121,,x,Working
479,_Out,479_Out,,130000005ABB5E21,,x,Working
480,_In,480_In,,FE0000005AAF8321,re-paired,x,Working
480,_Out,480_Out,,540000005AC1D221,re-paired,x,Working
481,_In,481_In,,240000005AAC9921,,x,Working; almost halfway chewed
481,_Out,481_Out,,DF0000005AA97921,,x,Working
482,_In,482_In,,CE0000005AA28721,,x,needs re-pairing
482,_Out,482_Out,,EA0000005AB66521,,x,needs re-pairing
483,_In,483_In,,A30000005ABC0421,,x,Working
483,_Out,483_Out,,EE0000005ABDA021,,x,Working
484,_In,484_In,,4A0000005AA54A21,,x,Working
484,_Out,484_Out,,CA0000005ABDAF21,,x,Working
485,_In,485_In,,4D0000005AAD3221,,x,Working
485,_Out,485_Out,,CC0000005ACC1721,,x,Working
486,_In,486_In,,660000005ABD4821,,x,Working
486,_Out,486_Out,,C70000005A9E6021,,x,Working
487,_In,487_In,,CA0000005AC4EA21,,x,Working
487,_Out,487_Out,,F50000005AB52A21,,x,Working
488,_In,488_In,,BD0000005AC2EF21,,x,Working
488,_Out,488_Out,,2D0000005AB07521,,x,Working
489,_In,489_In,,960000005AB39121,,x,Working
489,_Out,489_Out,,810000005AAE8521,,x,Working
490,_In,490_In,,4F0000005AB10421,,x,Working
490,_Out,490_Out,,250000005AD13D21,,x,Working
491,_In,491_In,,5E0000005A9E9521,,x,Working
491,_Out,491_Out,,A30000005AB7E721,,x,Working
492,_In,492_In,,D30000005AB42F21,,x,Working
492,_Out,492_Out,,B30000005ACB4721,,x,Working
493,_In,493_In,,9D0000005ABB8321,,x,Working
493,_Out,493_Out,,FF0000005ABE9621,,x,Working
494,_In,494_In,,EE0000005AC19821,,x,Working; minimal chewing
494,_Out,494_Out,,380000005A9DF021,,x,Working
495,_In,495_In,,CE0000005AA0B521,,x,Working
495,_Out,495_Out,,0F0000005AC1C221,,x,Working
496,_In,496_In,,CC0000005AB9FE21,,x,needs re-pairing
496,_Out,496_Out,,CF0000005ABC1521,,x,needs re-pairing
497,_In,497_In,,680000005ABB6721,,x,Working
497,_Out,497_Out,,560000005AB15521,,x,Working
498,_In,498_In,,030000005A9EB021,,x,Working; minimal chewing 
498,_Out,498_Out,,610000005AC81121,,x,Working
499,_In,499_In,,0B0000005ABDDC21,,x,Working
499,_Out,499_Out,,460000005AAFDA21,,x,Working
500,_In,500_In,,F0000000208A0F21,,x,Working
500,_Out,500_Out,,2E0000003F6BAE21,,x,Working
501,_In,501_In,,28000000208D6221,,x,Working
501,_Out,501_Out,,5800000037C42A21,,x,Working
502,_In,502_In,,30000000207A4121,,x,Working
502,_Out,502_Out,,630000003F716021,,x,Working
503,_In,503_In,,43000000377E3C21,,x,Working
503,_Out,503_Out,,83000000208F0721,,x,Working
504,_In,504_In,,B10000003F6A7721,,x,Working
504,_Out,504_Out,,1F0000002084B221,,x,Working
505,_In,505_In,,C50000003F7A3B21,,x,Working
505,_Out,505_Out,,2C000000378B7E21,,x,Working
506,_In,506_In,,4E00000037D63C21,re-paired,x,Working; completely chewed apart unpaired ibutton
506,_Out,506_Out,,62000000207CCE21,re-paired,x,Working; completely chewed apart unpaired ibutton
507,_In,507_In,,710000003F558421,,x,Working
507,_Out,507_Out,,39000000377E8021,,x,Working
508,_In,508_In,,C7000000358C8421,,x,Working
508,_Out,508_Out,,9F00000037B3B721,,x,Working
509,_In,509_In,,DB00000038B4EF21,re-paired,x,Working; completely chewed apart unpaired ibutton 
509,_Out,509_Out,,AA0000003F542921,re-paired,x,Working; completely chewed apart unpaired ibutton
510,_In,510_In,,BA00000020883021,,x,Dead battery
510,_Out,510_Out,,4500000020842720,needs re-pairing,x,Working
511,_In,511_In,,9A000000377DB021,re-paired,x,Working; completely chewed apart unpaired ibutton
511,_Out,511_Out,,4800000037878F21,re-paired,x,Working; completely chewed apart unpaired ibutton
512,_In,512_In,,DE00000037CD6A21,,x,Working
512,_Out,512_Out,,3600000037D91421,,x,Working
513,_In,513_In,,2A00000037B67C21,,x,Working
513,_Out,513_Out,,A5000000207D9121,,x,Working
514,_In,514_In,,490000003794A821,,x,Working
514,_Out,514_Out,,F700000020842121,,x,Working
515,_In,515_In,,2A000000208B2721,,x,Working; minimal chewing 
515,_Out,515_Out,,87000000207AE421,,x,Working
516,_In,516_In,,220000003F5B4621,,x,Working 
516,_Out,516_Out,,6800000035871620,,x,Battery dead at EDS
517,_In,517_In,,9500000037B69521,,x,Working
517,_Out,517_Out,,9E+14,,x,Working
518,_In,518_In,,3F00000037818A21,re-paired,x,Working; completely chewed apart unpaired ibutton
518,_Out,518_Out,,B9000000377D0F21,re-paired,x,Working; completely chewed apart unpaired ibutton
519,_In,519_In,,5700000035909D21,,x,Working
519,_Out,519_Out,,AE0000003F4F6521,,x,Working
520,_In,520_In,,4C0000003781FF21,,x,Working
520,_Out,520_Out,,3F0000003F4BB821,,x,Working
521,_In,521_In,,FC00000037C82D21,,x,Working
521,_Out,521_Out,,0500000040B38421,,x,Working
522,_In,522_In,,2200000037C92321,,x,Working
522,_Out,522_Out,,97000000409B6821,,x,Working
523,_In,523_In,,460000003866BD21,re-paired,x,Working; completely chewed apart unpaired ibutton
523,_Out,523_Out,,E800000020821321,re-paired,x,Working; completely chewed apart unpaired ibutton
524,_In,524_In,,A3000000208E3721,,x,Working
524,_Out,524_Out,,E700000037D13721,,x,Working
525,_In,525_In,,310000002078F621,,x,Working
525,_Out,525_Out,,9C000000358BDB21,,x,Working
526,_In,526_In,,DA0000003F4EB921,,x,Working
526,_Out,526_Out,,CA00000036AC8821,,x,Working
527,_In,527_In,,0E00000020891A21,,x,needs re-pairing
527,_Out,527_Out,,4D00000036A31B21,,x,needs re-pairing
528,_In,528_In,,0B00000020817121,,,Completely chewed apart not returned to us 
528,_Out,528_Out,N18_In,810000003F587621,re-paired with 601_In,x,Working; completely chewed apart unpaired ibutton
529,_In,529_In,,B50000003788A021,,x,Working; almost chewed through 
529,_Out,529_Out,,5500000035919720,,x,Working
530,_In,530_In,,3800000040BC5D21,,x,Working
530,_Out,530_Out,,E00000003797C721,,x,Working
531,_In,531_In,,5E00000020823321,,x,Working
531,_Out,531_Out,,B800000035877821,,x,Working
532,_In,532_In,,DB000000207B5D21,,x,Working
532,_Out,532_Out,,1A0000003F6D6F21,,x,Working
533,_In,533_In,,C500000040BCF521,,x,Working
533,_Out,533_Out,,3300000037D06621,,x,Working
534,_In,534_In,,4C0000002083A121,,,Completely chewed apart not returned to us 
534,_Out,534_Out,N12_Out,0F00000020888621,re-paired with 306_out,x,Working; completely chewed apart unpaired ibutton
535,_In,535_In,,C900000037D62821,,x,Working
535,_Out,535_Out,,19000000377FB021,,x,Working
536,_In,536_In,,B200000037890921,,x,Working
536,_Out,536_Out,,AC00000037AAC821,,x,Working
537,_In,537_In,,4E00000037B35C21,,x,Working
537,_Out,537_Out,,D20000003F5F6521,,x,Working
538,_In,538_In,,4700000037A31C21,,x,Working
538,_Out,538_Out,,DA0000003F56F821,,x,Working
539,_In,539_In,,46000000207EF321,,x,Working
539,_Out,539_Out,,E000000038A51421,,x,Working
540,_In,540_In,,90000000379CC721,,x,Working
540,_Out,540_Out,,A50000003F68FB21,,x,Working
541,_In,541_In,,290000002071F321,,x,Working
541,_Out,541_Out,,E800000037A42221,,x,Working
542,_In,542_In,,9E+14,,x,Working
542,_Out,542_Out,,45000000358F1821,,x,Working
543,_In,543_In,,2F00000020863121,,x,Working
543,_Out,543_Out,,C80000003F555821,,x,Working
544,_In,544_In,,9800000020716320,,x,Working
544,_Out,544_Out,,0A000000378E1F21,,x,Working
545,_In,545_In,,7500000037C2BA21,,x,Working
545,_Out,545_Out,,CA0000003F520421,,x,Working
546,_In,546_In,,BD00000040B92721,,x,Working
546,_Out,546_Out,,BD00000020842C21,,x,Working
547,_In,547_In,,D7000000358A4A21,,x,Working
547,_Out,547_Out,,1D00000037AB4121,,x,Working
548,_In,548_In,,0D00000037866721,,x,Working
548,_Out,548_Out,,96000000386C2921,,x,Working
549,_In,549_In,,0F00000037D4D921,,x,Working
549,_Out,549_Out,,6F00000037A71D21,,x,Working
550,_In,550_In,,FE0000003F68EB21,,x,Working
550,_Out,550_Out,,DA0000003F6FAB21,,x,Working
551,_In,551_In,,3C0000003F7FC821,,x,Working
551,_Out,551_Out,,EC00000037A8A821,,x,Working
552,_In,552_In,,D600000035939721,,x,Working
552,_Out,552_Out,,5F0000003F4C8C21,,x,Working
553,_In,553_In,,8B000000208B2F21,,x,needs re-pairing
553,_Out,553_Out,,ED00000037848A21,,x,needs re-pairing
554,_In,554_In,,1C00000035885421,,x,Working
554,_Out,554_Out,,5000000020835321,,x,Working
555,_In,555_In,,E900000038B30221,,x,Working
555,_Out,555_Out,,5800000020820621,,x,Working
556,_In,556_In,,2B0000003791BD21,,x,Working
556,_Out,556_Out,,CF00000059FFC021,,x,Working
557,_In,557_In,,2B0000005A282D21,,x,Working
557,_Out,557_Out,,6F0000005A24F521,,x,Working
558,_In,558_In,,B400000059F73121,needs re-pairing,x,Working
558,_Out,558_Out,,780000005A1C9721,needs re-pairing,x,Working
559,_In,559_In,,750000005A214F21,,x,Working
559,_Out,559_Out,,B900000059F6C721,,x,Working
560,_In,560_In,,2800000059FEB621,,x,Battery dead at EDS
560,_Out,560_Out,,BC0000005A09B321,,x,Working
561,_In,561_In,,470000005A283C21,,x,Working
561,_Out,561_Out,,B10000005A23AD21,,x,Working
562,_In,562_In,,050000005A20B521,,x,Working
562,_Out,562_Out,,1F0000005A1C5C21,,x,Working
563,_In,563_In,,9D0000005A05B321,,x,Working; halfway chewed 
563,_Out,563_Out,,4C0000005A09F421,,x,Working
564,_In,564_In,,F50000005A1A8A21,,x,Working
564,_Out,564_Out,,4A0000005A210221,,x,Working
565,_In,565_In,,6C0000005A0AF621,,x,Working; almost chewed apart 
565,_Out,565_Out,,8900000059F8E821,,x,Working
566,_In,566_In,,180000005A188821,,x,Working
566,_Out,566_Out,,0A00000059FE8C21,,x,Working
567,_In,567_In,,080000005A1D6D21,,x,Working
567,_Out,567_Out,,8E00000059F7DF21,,x,Working
568,_In,568_In,,360000005A147421,,x,needs re-pairing
568,_Out,568_Out,,1800000059F7D621,,x,needs re-pairing
569,_In,569_In,,990000005A27AC21,,x,Working
569,_Out,569_Out,,BF0000005A058921,,x,Working
570,_In,570_In,,A600000059FF7221,,x,Working
570,_Out,570_Out,,2500000059FF4021,,x,Working
571,_In,571_In,,390000005A0B8621,,x,Working
571,_Out,571_Out,,1C0000005A0A1521,,x,Working
572,_In,572_In,,140000005A029121,,x,Battery dead at EDS
572,_Out,572_Out,,400000005A042B21,,x,Battery dead at EDS
573,_In,573_In,,A60000005A029721,,,Never returned to us 
573,_Out,573_Out,,750000005A15A921,,,Never returned to us 
574,_In,574_In,,B700000059FE7621,,x,Working
574,_Out,574_Out,,2F0000005A091921,,x,Working
575,_In,575_In,,1B0000005A1D6321,,x,Working
575,_Out,575_Out,,8D0000005A043221,,x,Working
576,_In,576_In,,7700000059FE8021,,x,Working
576,_Out,576_Out,,9600000059F88C21,,x,Battery dead at EDS
577,_In,577_In,,DF0000005A02BD21,,x,Working
577,_Out,577_Out,,0E0000005A063221,,x,Working
578,_In,578_In,,A400000059FB0521,,x,Working
578,_Out,578_Out,,2400000059FFC521,,x,Battery dead at EDS
579,_In,579_In,,020000005A1F0021,,x,Working
579,_Out,579_Out,,E30000005A1E4321,,x,Working
580,_In,580_In,,F80000005A010F21,,x,Working
580,_Out,580_Out,,500000005A079821,,x,Working
581,_In,581_In,,18000000602A6421,,x,Working
581,_Out,581_Out,,8F00000060264421,,x,Working
582,_In,582_In,,8B000000604BCA21,,x,Working
582,_Out,582_Out,,6C00000060237021,,x,Working
583,_In,583_In,,4C000000600FFE21,,x,Working
583,_Out,583_Out,,2D00000060374A21,,x,Working
584,_In,584_In,,D6000000604E9221,,x,Working
584,_Out,584_Out,,9C000000603A6F21,,x,Working
585,_In,585_In,,2000000060424C21,Needs re-pairing,x,Working
585,_Out,585_Out,,9400000060442920,,x,Dead battery
586,_In,586_In,,E000000060294421,re-paired,x,Working; completely chewed apart unpaired ibutton
586,_Out,586_Out,,20000000604EE021,re-paired,x,Working; completely chewed apart unpaired ibutton
587,_In,587_In,,56000000602F3221,,x,Working
587,_Out,587_Out,,70000000602A5321,,x,Working
588,_In,588_In,,4900000060389020,,x,Working
588,_Out,588_Out,,CE00000060388421,,x,Working
589,_In,589_In,,F800000060369E21,,x,Working; minimal chewing 
589,_Out,589_Out,,FB000000604D7F21,,x,Working
590,_In,590_In,,A3000000601B3021,,x,Working
590,_Out,590_Out,,1A0000006043BB21,,x,Battery dead at EDS
591,_In,591_In,,6E+14,,x,Working
591,_Out,591_Out,,A3000000603F5F21,,x,Working
592,_In,592_In,,4900000060198220,,x,Working
592,_Out,592_Out,,8700000060243A21,,x,Working
593,_In,593_In,,32000000140E21,,,Completely chewed apart and not returned to us 
593,_Out,593_Out,N15_In,7D00000060437021,re-paired with 663_in,x,Working; completely chewed apart unpaired ibutton
594,_In,594_In,,5A00000060371921,needs re-pairing,x,Working
594,_Out,594_Out,,E1000000601D2721,needs re-pairing,x,Working
595,_In,595_In,,060000006030F621,,x,Working; minimal chewing 
595,_Out,595_Out,,800000006042C121,,x,Working
596,_In,596_In,,5B000000601A2221,,x,Working
596,_Out,596_Out,,F500000060167A21,,x,Working
597,_In,597_In,,B000000060237421,,x,Working
597,_Out,597_Out,,81000000601F6E21,,x,Battery dead at EDS
598,_In,598_In,,E3000000602DB621,,x,Working
598,_Out,598_Out,,AD00000060477A21,,x,Working
599,_In,599_In,,E2000000601DB121,,x,Working
599,_Out,599_Out,,5700000060277F21,,x,Working
600,_In,600_In,,34000000602D6821,,,Completely chewed apart and not returned to us 
600,_Out,600_Out,N10_In,2500000060490C21,re-paired with 602_in,x,Working; completely chewed apart unpaired ibutton
601,_In,601_In,N18_Out,B4000000602CD521,re-paired with 528_out,x,Working
601,_Out,601_Out,,8500000060299C21,,,Battery dead at EDS
602,_In,602_In,N10_Out,8.4E+15,re-paired with 600_out,x,Working 
602,_Out,602_Out,,CF00000060191321,,,Not working; recognized but dead
603,_In,603_In,,0C0000006011BB21,,x,Working 
603,_Out,603_Out,,C60000006027C621,,,Will not launch
604,_In,604_In,,94000000601C7E21,,x,Working
604,_Out,604_Out,,EE00000060151321,,x,Working
605,_In,605_In,,BE00000060221421,,x,Working
605,_Out,605_Out,,26000000602AAC21,,x,Working
606,_In,606_In,,EF00000060272621,,x,Working 
606,_Out,606_Out,,550000006034CE21,,x,Working 
607,_In,607_In,,06000000600DC121,,x,Working; minimal chewing
607,_Out,607_Out,,CF0000006035B421,,x,Working 
608,_In,608_In,,2800000060186520,,x,Working 
608,_Out,608_Out,,53000000602AEC21,,x,Working 
609,_In,609_In,,33000000601E7121,,x,Working 
609,_Out,609_Out,,3C00000060156E21,,x,Working 
610,_In,610_In,,AB0000006034F021,,x,Working 
610,_Out,610_Out,,E5000000602FB121,,x,Working 
611,_In,611_In,,D80000006033CA21,,x,Working 
611,_Out,611_Out,,2C000000604F9321,,x,Working 
612,_In,612_In,,2.3E+15,,x,Working 
612,_Out,612_Out,,8F00000060457221,,x,Working 
613,_In,613_In,,B200000060299D21,,x,Working; minimal chewing
613,_Out,613_Out,,CF00000060405D21,,x,Working 
614,_In,614_In,,A9000000602E9021,,x,Working 
614,_Out,614_Out,,B300000060353D21,,x,Working 
615,_In,615_In,,2C0000006028C121,,x,Working 
615,_Out,615_Out,,D3000000601BD321,,x,Working 
616,_In,616_In,,DC000000602FC921,,x,Working 
616,_Out,616_Out,,E60000006044D921,,x,Working 
617,_In,617_In,,72000000604B4421,,x,Working 
617,_Out,617_Out,,AE00000060429121,,x,Working 
618,_In,618_In,,4300000060332C21,,x,Working 
618,_Out,618_Out,,89000000604AC021,,x,Working 
619,_In,619_In,,C60000005F373221,,,Battery dead at EDS
619,_Out,619_Out,,920000005F2BFB21,,,Battery dead at EDS
620,_In,620_In,,D50000005F4B0421,,,Battery dead at EDS
620,_Out,620_Out,N11_In,0C0000005F427221,re-paired with 696_in,x,Working 
621,_In,621_In,,ED0000005F594221,,,Battery dead at EDS
621,_Out,621_Out,,6A0000005F34FE21,,,Battery dead at EDS
622,_In,622_In,,6C0000005F403B21,,,Battery dead at EDS
622,_Out,622_Out,N17_In,7C0000005F4D1621,re-paired with 676_In,x,Working 
623,_In,623_In,,920000005F3D2421,,x,Working 
623,_Out,623_Out,,570000005F261B21,,x,Working 
624,_In,624_In,,2A0000005F2BA221,,x,Working 
624,_Out,624_Out,,E90000005F3C0421,,x,Working 
625,_In,625_In,,010000005F4A5521,,,Battery dead at EDS
625,_Out,625_Out,,550000005F4CEF21,,,Battery dead at EDS
626,_In,626_In,,950000005F46E321,,x,Working 
626,_Out,626_Out,,A90000005F56B121,,x,Working 
627,_In,627_In,,1A0000005F307921,,x,Working 
627,_Out,627_Out,,550000005F3F5021,,x,Working 
628,_In,628_In,,2D0000005F283921,,x,Working 
628,_Out,628_Out,,850000005F3A4321,,x,Working 
629,_In,629_In,,2F0000005F21FB21,,,Battery dead at EDS
629,_Out,629_Out,N13_Out,0F0000005F3EDC21,re-paired with 031_out,x,Working
630,_In,630_In,,AC0000005F2E4E21,,,Battery dead at EDS
630,_Out,630_Out,N16_In,6D0000005F2D1621,re-paired with 685_Out,x,Working
631,_In,631_In,,D30000005F571421,,,Battery dead at EDS
631,_Out,631_Out,,570000005F52EB21,,,Battery dead at EDS
632,_In,632_In,N03_In,F20000005F2FE421,re-paired with 652_out,x,Working; completely chewed apart unpaired ibutton
632,_Out,632_Out,,600000005F581021,,,Battery dead at EDS
633,_In,633_In,,6F0000005F4F2A21,,,Battery dead at EDS
633,_Out,633_Out,,A40000005F364321,,,Battery dead at EDS
634,_In,634_In,,E50000005F53F421,,x,Working 
634,_Out,634_Out,,300000005F44FF21,,x,Working 
635,_In,635_In,,8D0000005F425321,,x,Working 
635,_Out,635_Out,,AA0000005F26B321,,x,Working 
636,_In,636_In,,DD0000005F521021,,x,Working 
636,_Out,636_Out,,610000005F543921,,x,Working 
637,_In,637_In,,940000005F28E521,,x,Working 
637,_Out,637_Out,,EC0000005F2A7821,,x,Working 
638,_In,638_In,,F80000005F3F3221,,x,Working 
638,_Out,638_Out,,370000005F51BB21,,x,Working 
639,_In,639_In,,410000005F3FEE21,,x,Working 
639,_Out,639_Out,,470000005F2A2F21,,x,Working 
640,_In,640_In,,360000005F567121,,x,Working 
640,_Out,640_Out,,890000005F5A3421,,x,Working 
641,_In,641_In,,F30000005F3A9521,,,Completely chewed apart - not returned to us 
641,_Out,641_Out,N09_In,C30000005F3F5921,re-paired with 642_in,x,Working; completely chewed apart missing paired ibutton 
642,_In,642_In,N09_Out,4F0000005F356D21,re-paired with 641_out,x,Working
642,_Out,642_Out,,AE0000005F342E21,,,Battery dead at EDS
643,_In,643_In,,380000005F4F5021,,x,Working 
643,_Out,643_Out,,8F0000005F592A21,,x,Working 
644,_In,644_In,N07_In,850000005F31A021,re-paired with 666_out,x,Working 
644,_Out,644_Out,,480000005F329221,,,Battery dead at EDS
645,_In,645_In,N08_In,EB0000005F3A4121,re-paired with 689_in,x,Working 
645,_Out,645_Out,,AE0000005F4B3D21,,,Battery dead at EDS
646,_In,646_In,,B30000005F44CD21,,x,Working 
646,_Out,646_Out,,CD0000005F213721,,x,Working 
647,_In,647_In,N19_In,0F0000005F3AB821,re-paired with 679_In,x,Working 
647,_Out,647_Out,,5C0000005F4E1421,,,Battery dead at EDS
648,_In,648_In,,F10000005F38B421,,x,Working 
648,_Out,648_Out,,100000005F577421,,x,Working 
649,_In,649_In,,950000005F4B5621,,x,Working 
649,_Out,649_Out,,D80000005F57CE21,,x,Working 
650,_In,650_In,,CB0000005F56D921,,x,Working; minimal chewing 
650,_Out,650_Out,,770000005F424B21,,x,Working 
651,_In,651_In,,200000005F52B821,,x,Working 
651,_Out,651_Out,,170000005F264921,,x,Working 
652,_In,652_In,,C20000005F398A21,,,Battery dead at EDS
652,_Out,652_Out,N03_Out,E30000005F235521,re-paired with 632_in,x,Working
653,_In,653_In,,0F0000005F3FC521,,x,Working 
653,_Out,653_Out,,410000005F3DDC21,,x,Working 
654,_In,654_In,,3B0000005F4EDF21,,x,Working 
654,_Out,654_Out,,CD0000005F255321,,x,Working 
655,_In,655_In,N14_In,9F0000005F534821,re-paired with 659_In,x,Working 
655,_Out,655_Out,,A60000005F3DB321,,,Battery dead at EDS
656,_In,656_In,,200000005F57C521,,x,Working 
656,_Out,656_Out,,D80000005F222721,,x,Working 
657,_In,657_In,,800000005F532C21,,x,Working 
657,_Out,657_Out,,D50000005F249E21,,x,Working 
658,_In,658_In,N01_Out,2C0000005F582821,re-paired with 004_in,x,Working 
658,_Out,658_Out,,140000005F494521,,,Battery dead at EDS
659,_In,659_In,N14_Out,0E0000005F581221,re-paired with 655_In,x,Working 
659,_Out,659_Out,,130000005F212021,,,Battery dead at EDS
660,_In,660_In,,4A0000005F402721,,x,Working
660,_Out,660_Out,,F70000005F327B21,,x,Working
661,_In,661_In,,690000005F47D721,,,Battery dead at EDS
661,_Out,661_Out,,F50000005F2A2921,,,Battery dead at EDS
662,_In,662_In,,B40000005F3E1321,,x,Working
662,_Out,662_Out,,1F0000005F2CFF21,,x,Working
663,_In,663_In,N15_Out,360000005F46F821,re-paired with 593_out,x,Working; minimal chewing 
663,_Out,663_Out,,D20000005F204A21,,,Not working; recognized but battery dead 
664,_In,664_In,,180000005F39BB21,,x,Working 
664,_Out,664_Out,,C70000005F33D321,,x,Working 
665,_In,665_In,,0A0000005F583421,,x,Working
665,_Out,665_Out,,320000005F546521,,x,Working
666,_In,666_In,,190000005F5A0821,,,Battery dead at EDS
666,_Out,666_Out,N07_Out,360000005F3FBD21,re-paired with 644_in,x,Working
667,_In,667_In,,070000005F3CA221,,x,Working
667,_Out,667_Out,,660000005F383821,,x,Working
668,_In,668_In,,020000005F55CD21,,x,Working
668,_Out,668_Out,,B50000005F4A6621,,x,Working
669,_In,669_In,,480000005F2BCA21,,x,Working
669,_Out,669_Out,,E20000005F46B021,,x,Working
670,_In,670_In,,FB0000005F4B5421,,x,Working
670,_Out,670_Out,,3A0000005F337B21,,x,Working
671,_In,671_In,,480000005F31B921,,,Battery dead at EDS
671,_Out,671_Out,,5F0000005F384021,,,Battery dead at EDS
672,_In,672_In,,D90000005F4C2121,,x,Working
672,_Out,672_Out,,F40000005F35A221,,x,Working 
673,_In,673_In,,350000005F329E21,,x,Working
673,_Out,673_Out,,630000005F44A321,,x,Working
674,_In,674_In,,460000005F260621,,x,Working
674,_Out,674_Out,,000000005F402A21,,x,Working
675,_In,675_In,,CC0000005F286321,,x,Working
675,_Out,675_Out,,630000005F478821,,x,Working
676,_In,676_In,N17_Out,CE0000005F366721,re-paired with 622_out,x,Working 
676,_Out,676_Out,,A00000005F567821,,,Battery dead at EDS
677,_In,677_In,,BA0000005F235621,,x,Working 
677,_Out,677_Out,,F80000005F35C821,,x,Working 
678,_In,678_In,,120000005F438A21,,x,Working 
678,_Out,678_Out,,C00000005F41C521,,,Will not launch
679,_In,679_In,N19_Out,7A0000005F22B921,re-paired with 647_In,x,Working
679,_Out,679_Out,,770000005F49A821,,,Battery dead at EDS
680,_In,680_In,N04_In,790000005F3E0A21,re-paired with 9F00000053A14921,x,Working
680,_Out,680_Out,,E40000005F280621,,,Battery dead at EDS
681,_In,681_In,,010000005F26E421,,x,Working 
681,_Out,681_Out,,F20000005F4CD221,,x,Working 
682,_In,682_In,,860000005F2E3821,,x,Working 
682,_Out,682_Out,,410000005F40FD21,,x,Working 
683,_In,683_In,,5D0000005F474021,,x,Working; minimal chewing 
683,_Out,683_Out,,400000005F240121,,x,Working 
684,_In,684_In,,480000005F2C8521,,,Battery dead at EDS
684,_Out,684_Out,N06_In,BA0000005F5B0A21,re-paired with 690_out,x,Working 
685,_In,685_In,,F90000005F497521,,,Not working; recognized but dead battery 
685,_Out,685_Out,N16_Out,C90000005F246C21,re-paired with 630_Out,x,Working 
686,_In,686_In,,150000005F49C021,,x,Working 
686,_Out,686_Out,,7B0000005F410A21,,x,Working 
687,_In,687_In,,D20000005F3B2021,,x,Working 
687,_Out,687_Out,,350000005F3B4F21,,x,Working 
688,_In,688_In,,860000005F4F3C21,,,Battery dead at EDS
688,_Out,688_Out,,BF0000005F542E21,,,Battery dead at EDS
689,_In,689_In,N08_Out,E40000005F2A3421,re-paired with 645_in,x,Working; halfway chewed
689,_Out,689_Out,,BA0000005F5C4521,,,Battery dead at EDS
690,_In,690_In,,990000005F23E921,,,Not working; recognized but dead 
690,_Out,690_Out,N06_Out,F80000005F2AC621,re-paired with 684_out,x,Working 
691,_In,691_In,,570000005F31DD21,,x,Working 
691,_Out,691_Out,,1D0000005F2CEC21,,x,Working 
692,_In,692_In,,280000005F2DE721,,x,Working 
692,_Out,692_Out,,0E0000005F4ECD21,,x,Working 
693,_In,693_In,,340000005F531F21,,x,Working 
693,_Out,693_Out,,E00000005F458821,,x,Working 
694,_In,694_In,,210000005F4B6521,,,Battery dead at EDS
694,_Out,694_Out,N05_Out,860000005F367921,re-paired with 091_out,x,Working
695,_In,695_In,,D80000005F3A6621,,x,Working 
695,_Out,695_Out,,080000005F425421,,x,Working 
696,_In,696_In,N11_Out,1C0000005F43F321,re-paired with 620_out,x,Working 
696,_Out,696_Out,,A80000005F20F621,,,Not working; recognized but battery is dead 
697,_In,697_In,,C70000005F463A21,,x,Working 
697,_Out,697_Out,,C50000005F52C421,,x,Working 
698,_In,698_In,,C00000005F361E21,,x,Working 
698,_Out,698_Out,,910000005F3F8021,,x,Working 
699,_In,699_In,,AC00000060355921,Chewed apart,x,Working 
699,_Out,699_Out,,E30000006013AA21,Chewed apart,x,Working 
700,_In,700_In,,900000006049BA21,,x,Working 
700,_Out,700_Out,,22000000603F7E21,,x,Working 
701,_In,701_In,,3F000000604CB621,,x,Working 
701,_Out,701_Out,,530000006015E921,,,dead battery
702,_In,702_In,,A000000060280F21,,x,Working 
702,_Out,702_Out,,3200000060363720,,,dead battery
703,_In,703_In,,BD000000603C9521,,x,Working 
703,_Out,703_Out,,2800000060244B21,,x,Working 
704,_In,704_In,,DE00000060271221,,x,Working 
704,_Out,704_Out,,2E000000601F1F21,,,Will not launch
705,_In,705_In,,5300000060256B21,,x,Working 
705,_Out,705_Out,,E1000000603D2C21,,x,Working 
706,_In,706_In,,7F00000060190621,,x,Working 
706,_Out,706_Out,,95000000604E5621,,x,Working 
707,_In,707_In,,3E000000801DB521,,x,Working
707,_Out,707_Out,,A9000000604E8D21,,,dead battery
708,_In,708_In,,A300000060470321,,x,Working 
708,_Out,708_Out,,6100000060177920,,x,Working 
709,_In,709_In,,8B000000602D8121,,x,Working 
709,_Out,709_Out,,3100000060149820,,x,Working 
710,_In,710_In,,CB0000006036B921,,x,Working; minimal chewing 
710,_Out,710_Out,,9C000000602CB021,,x,Working 
711,_In,711_In,,F3000000377C1B21,,x,Working 
711,_Out,711_Out,,3000000053C66A21,,x,Working 
,,,N04_Out,9F00000053A14921,re-paired with 680_in,x,Working; unpaired ibutton 
712,_In,712_In,,EF0000006262FD21,,,
712,_Out,712_Out,,AD000000623DA421,,,
713,_In,713_In,,9900000062622B21,,,
713,_Out,713_Out,,C900000062353121,,,
714,_In,714_In,,C40000006237EC21,,,
714,_Out,714_Out,,CC000000625A0821,,,
715,_In,715_In,,C40000006229FB21,,,
715,_Out,715_Out,,65000000625D0321,,,
716,_In,716_In,,A7000000625ECD21,,,dead battery
716,_Out,716_Out,,C9000000622F4221,,,
717,_In,717_In,,940000006262C421,,,
717,_Out,717_Out,,290000006237DC21,,,
718,_In,718_In,,01000000622A8521,,,
718,_Out,718_Out,,740000006249F321,,,
719,_In,719_In,,C4000000623C0F21,,,
719,_Out,719_Out,,E2000000622BD521,,,
720,_In,720_In,,CB000000625EDC21,,,
720,_Out,720_Out,,760000006236F321,,,
721,_In,721_In,,940000006241E421,,,dead battery
721,_Out,721_Out,,F6000000622B6B21,,,
722,_In,722_In,,45000000623F0521,,,dead battery
722,_Out,722_Out,,6F000000622B9E21,,,
723,_In,723_In,,B900000062528021,,,
723,_Out,723_Out,,900000006260D021,,,
724,_In,724_In,,1B00000062296921,,,
724,_Out,724_Out,,2A00000062501821,,,
725,_In,725_In,,6E000000623CDD21,,,
725,_Out,725_Out,,5000000062455020,,,
726,_In,726_In,,A200000062407921,,,
726,_Out,726_Out,,970000006256B421,,,dead battery
727,_In,727_In,,030000006252CA21,,,
727,_Out,727_Out,,D300000062401F21,,,
728,_In,728_In,,86000000625B1C21,,,
728,_Out,728_Out,,F500000062623A21,,,
729,_In,729_In,,CF00000062324B21,,,
729,_Out,729_Out,,9E000000622B5C21,,,
730,_In,730_In,,B800000062321821,,,
730,_Out,730_Out,,D800000062290921,,,dead battery
731,_In,731_In,,0B000000624AC721,,,
731,_Out,731_Out,,72000000625E0021,,,
732,_In,732_In,,620000006259D721,,,
732,_Out,732_Out,,260000006247B421,,,
733,_In,733_In,,F500000062519321,,,
733,_Out,733_Out,,49000000624FFB21,,,
734,_In,734_In,,57000000623CA521,,,
734,_Out,734_Out,,4A000000625FE421,,,dead battery
735,_In,735_In,,59000000623CDC21,,,Will not launch
735,_Out,735_Out,,3A0000006255FD21,,,
736,_In,736_In,,14000000622FC321,,,
736,_Out,736_Out,,C600000062467221,,,
737,_In,737_In,,73000000624E0C21,,,
737,_Out,737_Out,,6E0000006241FC21,,,dead battery
738,_In,738_In,,FF00000062605721,,,
738,_Out,738_Out,,64000000625AC921,,,
739,_In,739_In,,0E00000062609521,,,
739,_Out,739_Out,,E100000062545021,,,
740,_In,740_In,,DD00000062625F21,,,dead battery
740,_Out,740_Out,,7D00000062283E21,,,
741,_In,741_In,,F200000062512321,,,
741,_Out,741_Out,,E100000062355421,,,
742,_In,742_In,,620000006263AF21,,,
742,_Out,742_Out,,62000000622B7121,,,
743,_In,743_In,,23000000623C6021,,,
743,_Out,743_Out,,08000000624F2C21,,,
744,_In,744_In,,5E000000625B3E21,,,
744,_Out,744_Out,,EE00000062470E21,,,
745,_In,745_In,,2E0000006260BC21,,,
745,_Out,745_Out,,95000000624B9B21,,,
746,_In,746_In,,76000000625D0D21,,,
746,_Out,746_Out,,8200000062605B21,,,
747,_In,747_In,,A300000062325A21,,,
747,_Out,747_Out,,AC000000623A6E21,,,dead battery
748,_In,748_In,,1000000062607420,,,
748,_Out,748_Out,,D4000000624B4C21,,,
749,_In,749_In,,100000006232D921,,,
749,_Out,749_Out,,6B000000625A3521,,,
750,_In,750_In,,0F00000062475421,,,
750,_Out,750_Out,,9C000000622C0021,,,
751,_In,751_In,,110000006242C821,,,
751,_Out,751_Out,,6800000062361220,,,
752,_In,752_In,,1D00000062485821,,,
752,_Out,752_Out,,6F000000625A1321,,,
753,_In,753_In,,DF000000625E6221,,,
753,_Out,753_Out,,12000000623A0221,,,
754,_In,754_In,,FD0000006254A221,,,
754,_Out,754_Out,,9D00000062412D21,,,
755,_In,755_In,,530000006239FE21,,,
755,_Out,755_Out,,91000000624EC021,,,
756,_In,756_In,,72000000622CA621,,,
756,_Out,756_Out,,54000000624E9521,,,
757,_In,757_In,,020000006243DF21,,,
757,_Out,757_Out,,8C0000006229E521,,,
758,_In,758_In,,380000006256C521,,,
758,_Out,758_Out,,5000000062621420,,,
759,_In,759_In,,3E00000062586E21,,,
759,_Out,759_Out,,E0000000625A4B21,,,
760,_In,760_In,,CD00000062516E21,,,
760,_Out,760_Out,,BF00000062432521,,,
761,_In,761_In,,94000000623A9321,,,
761,_Out,761_Out,,7000000062411D21,,,
